,Bank Name,Bank Type,Card Issued,Transaction,INR Value,Month,Year,Card Type
0,BANK OF BARODA,Public Sector Banks,1824299,4363678,17130715.43,January,2023,Credit Card
1,BANK OF INDIA,Public Sector Banks,84722,231092,806309.5212,January,2023,Credit Card
2,BANK OF MAHARASHTRA,Public Sector Banks,33716,83834,355592.9304,January,2023,Credit Card
3,CANARA BANK,Public Sector Banks,610068,1090150,3365775.92,January,2023,Credit Card
4,CENTRAL BANK OF INDIA,Public Sector Banks,0,0,0,January,2023,Credit Card
5,INDIAN BANK,Public Sector Banks,154234,205955,741977.302,January,2023,Credit Card
6,INDIAN OVERSEAS BANK,Public Sector Banks,77361,96817,250950.0859,January,2023,Credit Card
7,PUNJAB AND SIND BANK,Public Sector Banks,0,0,0,January,2023,Credit Card
8,PUNJAB NATIONAL BANK,Public Sector Banks,324010,681833,2311226.122,January,2023,Credit Card
9,STATE BANK OF INDIA,Public Sector Banks,16210142,47503990,242971903.3,January,2023,Credit Card
10,UCO BANK,Public Sector Banks,0,0,0,January,2023,Credit Card
11,UNION BANK OF INDIA,Public Sector Banks,601682,960595,3377208.96,January,2023,Credit Card
12,AXIS BANK LTD,Private Sector Banks,9585255,32547184,117634067,January,2023,Credit Card
13,BANDHAN BANK LTD,Private Sector Banks,0,0,0,January,2023,Credit Card
14,CITY UNION BANK LTD.,Private Sector Banks,4199,10624,30904.8444,January,2023,Credit Card
15,CSB BANK LTD.,Private Sector Banks,1400,4056,32774.2774,January,2023,Credit Card
16,DCB BANK LTD,Private Sector Banks,0,0,0,January,2023,Credit Card
17,DHANALAKSHMI BANK LTD,Private Sector Banks,8781,28258,65778.21584,January,2023,Credit Card
18,FEDERAL BANK LTD,Private Sector Banks,491928,2196832,9234382.77,January,2023,Credit Card
19,HDFC BANK LTD,Private Sector Banks,17235273,62967476,352316771.2,January,2023,Credit Card
20,ICICI BANK LTD,Private Sector Banks,13655812,48188644,217975307,January,2023,Credit Card
21,IDBI BANK LTD,Private Sector Banks,44023,121117,388124.469,January,2023,Credit Card
22,IDFC FIRST BANK LTD,Private Sector Banks,1420664,3800617,17864395.41,January,2023,Credit Card
23,INDUSIND BANK LTD,Private Sector Banks,2117950,6012525,64650935.39,January,2023,Credit Card
24,JAMMU AND KASHMIR BANK LTD,Private Sector Banks,87500,297310,1425968.079,January,2023,Credit Card
25,KARNATAKA BANK LTD,Private Sector Banks,0,0,0,January,2023,Credit Card
26,KARUR VYSYA BANK LTD,Private Sector Banks,9965,39483,288515.2587,January,2023,Credit Card
27,KOTAK MAHINDRA BANK LTD,Private Sector Banks,4809780,9583894,43341918.22,January,2023,Credit Card
28,NAINITAL BANK LTD,Private Sector Banks,0,0,0,January,2023,Credit Card
29,RBL BANK LTD,Private Sector Banks,4319355,10407743,53849718.05,January,2023,Credit Card
30,SOUTH INDIAN BANK,Private Sector Banks,195708,965025,4516757.958,January,2023,Credit Card
31,TAMILNAD MERCANTILE BANK LTD,Private Sector Banks,40939,70661,317831.4123,January,2023,Credit Card
32,YES BANK LTD,Private Sector Banks,1354214,3063901,14440670.21,January,2023,Credit Card
33,AMERICAN EXPRESS BANKING CORPORATION,Foreign Banks,1326051,4189773,31712092.22,January,2023,Credit Card
34,BANK OF AMERICA,Foreign Banks,3,0,0,January,2023,Credit Card
35,BARCLAYS BANK PLC,Foreign Banks,0,0,0,January,2023,Credit Card
36,CITI BANK,Foreign Banks,2477654,11652064,41796137.58,January,2023,Credit Card
37,DBS INDIA BANK LTD,Foreign Banks,171575,322871,1781998.422,January,2023,Credit Card
38,DEUTSCHE BANK LTD,Foreign Banks,0,0,0,January,2023,Credit Card
39,HSBC LTD,Foreign Banks,684237,1784430,7342465.548,January,2023,Credit Card
40,SBM BANK INDIA LTD,Foreign Banks,1003949,1657782,5830355.061,January,2023,Credit Card
41,STANDARD CHARTERED BANK LTD,Foreign Banks,1066900,2909420,11042345.3,January,2023,Credit Card
42,WOORI BANK,Foreign Banks,0,0,0,January,2023,Credit Card
43,BANK OF BARODA,Public Sector Banks,80696087,8874197,18828325.11,January,2023,Debit Card
44,BANK OF INDIA,Public Sector Banks,46824899,5960644,10215057.83,January,2023,Debit Card
45,BANK OF MAHARASHTRA,Public Sector Banks,13271463,2540119,4026304.643,January,2023,Debit Card
46,CANARA BANK,Public Sector Banks,49589295,11078054,23807178.93,January,2023,Debit Card
47,CENTRAL BANK OF INDIA,Public Sector Banks,28029550,3312765,7383159.089,January,2023,Debit Card
48,INDIAN BANK,Public Sector Banks,29042234,7109806,13594364.47,January,2023,Debit Card
49,INDIAN OVERSEAS BANK,Public Sector Banks,16102621,4310759,8070447.662,January,2023,Debit Card
50,PUNJAB AND SIND BANK,Public Sector Banks,3633066,759766,1838982.953,January,2023,Debit Card
51,PUNJAB NATIONAL BANK,Public Sector Banks,41657959,10061304,21924620.84,January,2023,Debit Card
52,STATE BANK OF INDIA,Public Sector Banks,273051248,71416623,144657102.8,January,2023,Debit Card
53,UCO BANK,Public Sector Banks,12318323,2421718,4831425.211,January,2023,Debit Card
54,UNION BANK OF INDIA,Public Sector Banks,46762427,12975249,22867941.4,January,2023,Debit Card
55,AXIS BANK LTD,Private Sector Banks,28890599,13334632,36129336.52,January,2023,Debit Card
56,BANDHAN BANK LTD,Private Sector Banks,5329042,692468,1818037.056,January,2023,Debit Card
57,CITY UNION BANK LTD.,Private Sector Banks,2715112,916973,1899354.944,January,2023,Debit Card
58,CSB BANK LTD.,Private Sector Banks,871705,278443,510326.1848,January,2023,Debit Card
59,DCB BANK LTD,Private Sector Banks,942892,174957,494017.984,January,2023,Debit Card
60,DHANALAKSHMI BANK LTD,Private Sector Banks,533066,270447,456271.8301,January,2023,Debit Card
61,FEDERAL BANK LTD,Private Sector Banks,12092975,6716727,13595890.38,January,2023,Debit Card
62,HDFC BANK LTD,Private Sector Banks,50135874,34754866,95255905.76,January,2023,Debit Card
63,ICICI BANK LTD,Private Sector Banks,32681104,18733064,56259779.06,January,2023,Debit Card
64,IDBI BANK LTD,Private Sector Banks,12262322,2571693,5303745.452,January,2023,Debit Card
65,IDFC FIRST BANK LTD,Private Sector Banks,5969226,1440705,3880094.291,January,2023,Debit Card
66,INDUSIND BANK LTD,Private Sector Banks,8137752,2225731,6022458.839,January,2023,Debit Card
67,JAMMU AND KASHMIR BANK LTD,Private Sector Banks,3772532,4387608,4080202.556,January,2023,Debit Card
68,KARNATAKA BANK LTD,Private Sector Banks,5178073,1784325,2831002.058,January,2023,Debit Card
69,KARUR VYSYA BANK LTD,Private Sector Banks,4207271,2052446,4814133.62,January,2023,Debit Card
70,KOTAK MAHINDRA BANK LTD,Private Sector Banks,27626811,7043402,14767506.37,January,2023,Debit Card
71,NAINITAL BANK LTD,Private Sector Banks,200911,44728,86508.5057,January,2023,Debit Card
72,RBL BANK LTD,Private Sector Banks,1558896,394575,1087638.162,January,2023,Debit Card
73,SOUTH INDIAN BANK,Private Sector Banks,3723175,2002136,4148688.855,January,2023,Debit Card
74,TAMILNAD MERCANTILE BANK LTD,Private Sector Banks,2169669,552824,1206448.697,January,2023,Debit Card
75,YES BANK LTD,Private Sector Banks,4221468,1563968,3741403.328,January,2023,Debit Card
76,AMERICAN EXPRESS BANKING CORPORATION,Foreign Banks,0,0,0,January,2023,Debit Card
77,BANK OF AMERICA,Foreign Banks,0,0,0,January,2023,Debit Card
78,BARCLAYS BANK PLC,Foreign Banks,890,19,155.97994,January,2023,Debit Card
79,CITI BANK,Foreign Banks,1237591,1493683,4542214.066,January,2023,Debit Card
80,DBS INDIA BANK LTD,Foreign Banks,1841460,616088,1105829.327,January,2023,Debit Card
81,DEUTSCHE BANK LTD,Foreign Banks,116575,71854,198796.6303,January,2023,Debit Card
82,HSBC LTD,Foreign Banks,574279,320258,989933.3174,January,2023,Debit Card
83,SBM BANK INDIA LTD,Foreign Banks,535402,81658,188813.141,January,2023,Debit Card
84,STANDARD CHARTERED BANK LTD,Foreign Banks,1153786,1085390,2665784.515,January,2023,Debit Card
85,WOORI BANK,Foreign Banks,949,5909,18221.00526,January,2023,Debit Card
0,BANK OF BARODA,Public Sector Banks,1888684,3892795,15988540.23,February,2023,Credit Card
1,BANK OF INDIA,Public Sector Banks,84801,204588,732296.6439,February,2023,Credit Card
2,BANK OF MAHARASHTRA,Public Sector Banks,33639,72969,318750.3306,February,2023,Credit Card
3,CANARA BANK,Public Sector Banks,615427,992550,3183396.053,February,2023,Credit Card
4,CENTRAL BANK OF INDIA,Public Sector Banks,0,0,0,February,2023,Credit Card
5,INDIAN BANK,Public Sector Banks,159407,182484,666482.842,February,2023,Credit Card
6,INDIAN OVERSEAS BANK,Public Sector Banks,79323,90284,239404.4358,February,2023,Credit Card
7,PUNJAB AND SIND BANK,Public Sector Banks,0,0,0,February,2023,Credit Card
8,PUNJAB NATIONAL BANK,Public Sector Banks,330596,623763,2211891.253,February,2023,Credit Card
9,STATE BANK OF INDIA,Public Sector Banks,16505981,42448060,220391056.4,February,2023,Credit Card
10,UCO BANK,Public Sector Banks,0,0,0,February,2023,Credit Card
11,UNION BANK OF INDIA,Public Sector Banks,633323,934629,3438330.473,February,2023,Credit Card
12,AXIS BANK LTD,Private Sector Banks,9785800,29289020,106844286.6,February,2023,Credit Card
13,BANDHAN BANK LTD,Private Sector Banks,0,0,0,February,2023,Credit Card
14,CITY UNION BANK LTD.,Private Sector Banks,4602,9291,24135.67059,February,2023,Credit Card
15,CSB BANK LTD.,Private Sector Banks,3421,8481,68706.28965,February,2023,Credit Card
16,DCB BANK LTD,Private Sector Banks,0,0,0,February,2023,Credit Card
17,DHANALAKSHMI BANK LTD,Private Sector Banks,8973,24268,57419.12922,February,2023,Credit Card
18,FEDERAL BANK LTD,Private Sector Banks,523742,2009134,8596285.397,February,2023,Credit Card
19,HDFC BANK LTD,Private Sector Banks,17299140,56480435,328168065,February,2023,Credit Card
20,ICICI BANK LTD,Private Sector Banks,13738355,42466916,198467714.7,February,2023,Credit Card
21,IDBI BANK LTD,Private Sector Banks,44360,106597,349339.1823,February,2023,Credit Card
22,IDFC FIRST BANK LTD,Private Sector Banks,1480696,3458763,16797418.27,February,2023,Credit Card
23,INDUSIND BANK LTD,Private Sector Banks,2169062,5487479,64503675.1,February,2023,Credit Card
24,JAMMU AND KASHMIR BANK LTD,Private Sector Banks,83312,278602,1461267.925,February,2023,Credit Card
25,KARNATAKA BANK LTD,Private Sector Banks,0,0,0,February,2023,Credit Card
26,KARUR VYSYA BANK LTD,Private Sector Banks,10453,36231,275179.038,February,2023,Credit Card
27,KOTAK MAHINDRA BANK LTD,Private Sector Banks,4885328,8775886,42576883.76,February,2023,Credit Card
28,NAINITAL BANK LTD,Private Sector Banks,0,0,0,February,2023,Credit Card
29,RBL BANK LTD,Private Sector Banks,4364662,9438933,51458513.72,February,2023,Credit Card
30,SOUTH INDIAN BANK,Private Sector Banks,198707,847472,4116907.437,February,2023,Credit Card
31,TAMILNAD MERCANTILE BANK LTD,Private Sector Banks,40979,61439,298212.8957,February,2023,Credit Card
32,YES BANK LTD,Private Sector Banks,1395685,2819775,14242357.34,February,2023,Credit Card
33,AMERICAN EXPRESS BANKING CORPORATION,Foreign Banks,1334755,4006726,32334310.61,February,2023,Credit Card
34,BANK OF AMERICA,Foreign Banks,0,0,0,February,2023,Credit Card
35,BARCLAYS BANK PLC,Foreign Banks,0,0,0,February,2023,Credit Card
36,CITI BANK,Foreign Banks,2217801,9911532,36744704.39,February,2023,Credit Card
37,DBS INDIA BANK LTD,Foreign Banks,196282,307531,1745495.609,February,2023,Credit Card
38,DEUTSCHE BANK LTD,Foreign Banks,0,0,0,February,2023,Credit Card
39,HSBC LTD,Foreign Banks,691183,1615800,6538703.383,February,2023,Credit Card
40,SBM BANK INDIA LTD,Foreign Banks,1032427,1573153,5979531.459,February,2023,Credit Card
41,STANDARD CHARTERED BANK LTD,Foreign Banks,1067422,2556525,10006562.43,February,2023,Credit Card
42,WOORI BANK,Foreign Banks,0,0,0,February,2023,Credit Card
43,BANK OF BARODA,Public Sector Banks,81510140,7770905,16631001.22,February,2023,Debit Card
44,BANK OF INDIA,Public Sector Banks,47251202,5387328,9331765.736,February,2023,Debit Card
45,BANK OF MAHARASHTRA,Public Sector Banks,13296825,2265380,3583695.805,February,2023,Debit Card
46,CANARA BANK,Public Sector Banks,50582378,9925724,21287381.75,February,2023,Debit Card
47,CENTRAL BANK OF INDIA,Public Sector Banks,28316825,2973953,6603870.804,February,2023,Debit Card
48,INDIAN BANK,Public Sector Banks,31055145,6272470,11892200.28,February,2023,Debit Card
49,INDIAN OVERSEAS BANK,Public Sector Banks,16291382,3837900,7157668.921,February,2023,Debit Card
50,PUNJAB AND SIND BANK,Public Sector Banks,3688282,711782,1711347.131,February,2023,Debit Card
51,PUNJAB NATIONAL BANK,Public Sector Banks,41106028,9076940,19883990.53,February,2023,Debit Card
52,STATE BANK OF INDIA,Public Sector Banks,273547554,65815805,131204907.7,February,2023,Debit Card
53,UCO BANK,Public Sector Banks,12402099,2204596,4416044.643,February,2023,Debit Card
54,UNION BANK OF INDIA,Public Sector Banks,47402239,13003457,20339103.61,February,2023,Debit Card
55,AXIS BANK LTD,Private Sector Banks,29083053,11728951,31947167.49,February,2023,Debit Card
56,BANDHAN BANK LTD,Private Sector Banks,5372087,614583,1675421.289,February,2023,Debit Card
57,CITY UNION BANK LTD.,Private Sector Banks,2730473,800290,1665678.231,February,2023,Debit Card
58,CSB BANK LTD.,Private Sector Banks,878379,245632,445302.4898,February,2023,Debit Card
59,DCB BANK LTD,Private Sector Banks,944720,154436,437453.0072,February,2023,Debit Card
60,DHANALAKSHMI BANK LTD,Private Sector Banks,532329,244014,411419.2134,February,2023,Debit Card
61,FEDERAL BANK LTD,Private Sector Banks,13154220,6020328,11680400.44,February,2023,Debit Card
62,HDFC BANK LTD,Private Sector Banks,50793102,30539478,84011558.69,February,2023,Debit Card
63,ICICI BANK LTD,Private Sector Banks,32622979,16243882,48542845.46,February,2023,Debit Card
64,IDBI BANK LTD,Private Sector Banks,11433773,2307350,4795235.118,February,2023,Debit Card
65,IDFC FIRST BANK LTD,Private Sector Banks,6110755,1359825,3631460.499,February,2023,Debit Card
66,INDUSIND BANK LTD,Private Sector Banks,8266884,2027276,5609817.259,February,2023,Debit Card
67,JAMMU AND KASHMIR BANK LTD,Private Sector Banks,3817331,3723114,3972925.747,February,2023,Debit Card
68,KARNATAKA BANK LTD,Private Sector Banks,5189151,1576989,2548440.013,February,2023,Debit Card
69,KARUR VYSYA BANK LTD,Private Sector Banks,4247580,1794643,4305417.306,February,2023,Debit Card
70,KOTAK MAHINDRA BANK LTD,Private Sector Banks,28037247,6453366,13180886.59,February,2023,Debit Card
71,NAINITAL BANK LTD,Private Sector Banks,203344,39303,77114.06055,February,2023,Debit Card
72,RBL BANK LTD,Private Sector Banks,1581303,339525,983693.4113,February,2023,Debit Card
73,SOUTH INDIAN BANK,Private Sector Banks,3647979,1788595,3603829.163,February,2023,Debit Card
74,TAMILNAD MERCANTILE BANK LTD,Private Sector Banks,2173879,481315,1046511.867,February,2023,Debit Card
75,YES BANK LTD,Private Sector Banks,4339149,1381503,3311135.125,February,2023,Debit Card
76,AMERICAN EXPRESS BANKING CORPORATION,Foreign Banks,0,0,0,February,2023,Debit Card
77,BANK OF AMERICA,Foreign Banks,0,0,0,February,2023,Debit Card
78,BARCLAYS BANK PLC,Foreign Banks,889,11,79.7472,February,2023,Debit Card
79,CITI BANK,Foreign Banks,981783,1280479,3816584.314,February,2023,Debit Card
80,DBS INDIA BANK LTD,Foreign Banks,1854342,549471,997605.4648,February,2023,Debit Card
81,DEUTSCHE BANK LTD,Foreign Banks,117661,63733,173632.7599,February,2023,Debit Card
82,HSBC LTD,Foreign Banks,572083,291532,899481.8027,February,2023,Debit Card
83,SBM BANK INDIA LTD,Foreign Banks,568106,66996,140568.3175,February,2023,Debit Card
84,STANDARD CHARTERED BANK LTD,Foreign Banks,1157081,953755,2355754.166,February,2023,Debit Card
85,WOORI BANK,Foreign Banks,960,5497,16773.80461,February,2023,Debit Card
0,BANK OF BARODA,Public Sector Banks,1947283,4252199,18065166.81,March,2023,Credit Card
1,BANK OF INDIA,Public Sector Banks,77101,224626,803581.1169,March,2023,Credit Card
2,BANK OF MAHARASHTRA,Public Sector Banks,33493,82261,372663.523,March,2023,Credit Card
3,CANARA BANK,Public Sector Banks,624417,1102235,3618639.954,March,2023,Credit Card
4,CENTRAL BANK OF INDIA,Public Sector Banks,0,0,0,March,2023,Credit Card
5,INDIAN BANK,Public Sector Banks,170304,203833,773579.714,March,2023,Credit Card
6,INDIAN OVERSEAS BANK,Public Sector Banks,79819,102329,274469.6611,March,2023,Credit Card
7,PUNJAB AND SIND BANK,Public Sector Banks,0,0,0,March,2023,Credit Card
8,PUNJAB NATIONAL BANK,Public Sector Banks,316860,694301,2535827.502,March,2023,Credit Card
9,STATE BANK OF INDIA,Public Sector Banks,16762444,47528500,246327264.1,March,2023,Credit Card
10,UCO BANK,Public Sector Banks,0,0,0,March,2023,Credit Card
11,UNION BANK OF INDIA,Public Sector Banks,645447,904213,3382499.06,March,2023,Credit Card
12,AXIS BANK LTD,Private Sector Banks,12127172,44509001,164497035,March,2023,Credit Card
13,BANDHAN BANK LTD,Private Sector Banks,0,0,0,March,2023,Credit Card
14,CITY UNION BANK LTD.,Private Sector Banks,6059,14125,62458.9504,March,2023,Credit Card
15,CSB BANK LTD.,Private Sector Banks,6460,29912,207808.3655,March,2023,Credit Card
16,DCB BANK LTD,Private Sector Banks,0,0,0,March,2023,Credit Card
17,DHANALAKSHMI BANK LTD,Private Sector Banks,9124,27665,66942.36069,March,2023,Credit Card
18,FEDERAL BANK LTD,Private Sector Banks,552275,2310738,10912885.97,March,2023,Credit Card
19,HDFC BANK LTD,Private Sector Banks,17535910,63288449,376398237.9,March,2023,Credit Card
20,ICICI BANK LTD,Private Sector Banks,14458594,49891338,239703334.7,March,2023,Credit Card
21,IDBI BANK LTD,Private Sector Banks,43961,119232,402817.377,March,2023,Credit Card
22,IDFC FIRST BANK LTD,Private Sector Banks,1543860,3964479,19828628.1,March,2023,Credit Card
23,INDUSIND BANK LTD,Private Sector Banks,2224570,6052310,69073484.87,March,2023,Credit Card
24,JAMMU AND KASHMIR BANK LTD,Private Sector Banks,77297,289236,1596962.106,March,2023,Credit Card
25,KARNATAKA BANK LTD,Private Sector Banks,0,0,0,March,2023,Credit Card
26,KARUR VYSYA BANK LTD,Private Sector Banks,10423,40611,317484.1398,March,2023,Credit Card
27,KOTAK MAHINDRA BANK LTD,Private Sector Banks,4917023,9891413,50185179.91,March,2023,Credit Card
28,NAINITAL BANK LTD,Private Sector Banks,0,0,0,March,2023,Credit Card
29,RBL BANK LTD,Private Sector Banks,4410550,10547890,60424560.86,March,2023,Credit Card
30,SOUTH INDIAN BANK,Private Sector Banks,203295,899478,4710295.607,March,2023,Credit Card
31,TAMILNAD MERCANTILE BANK LTD,Private Sector Banks,40895,66974,327317.6685,March,2023,Credit Card
32,YES BANK LTD,Private Sector Banks,1419422,3146294,16663115.6,March,2023,Credit Card
33,AMERICAN EXPRESS BANKING CORPORATION,Foreign Banks,1336775,4576980,39353499.86,March,2023,Credit Card
34,BANK OF AMERICA,Foreign Banks,0,0,0,March,2023,Credit Card
35,BARCLAYS BANK PLC,Foreign Banks,0,0,0,March,2023,Credit Card
36,CITI BANK,Foreign Banks,162478,317881,3586084.246,March,2023,Credit Card
37,DBS INDIA BANK LTD,Foreign Banks,222375,379163,2259726.957,March,2023,Credit Card
38,DEUTSCHE BANK LTD,Foreign Banks,0,0,0,March,2023,Credit Card
39,HSBC LTD,Foreign Banks,699170,1799629,7722864.006,March,2023,Credit Card
40,SBM BANK INDIA LTD,Foreign Banks,1072764,1743598,6294124.047,March,2023,Credit Card
41,STANDARD CHARTERED BANK LTD,Foreign Banks,1061075,2855918,12057682.36,March,2023,Credit Card
42,WOORI BANK,Foreign Banks,0,0,0,March,2023,Credit Card
43,BANK OF BARODA,Public Sector Banks,82585036,8164394,17692575.24,March,2023,Debit Card
44,BANK OF INDIA,Public Sector Banks,47125002,5747485,9915356.17,March,2023,Debit Card
45,BANK OF MAHARASHTRA,Public Sector Banks,13377060,2409298,3892498.989,March,2023,Debit Card
46,CANARA BANK,Public Sector Banks,51324626,10583093,23066687.06,March,2023,Debit Card
47,CENTRAL BANK OF INDIA,Public Sector Banks,28360519,2751326,5987091.25,March,2023,Debit Card
48,INDIAN BANK,Public Sector Banks,31414438,6794914,12916830.5,March,2023,Debit Card
49,INDIAN OVERSEAS BANK,Public Sector Banks,16460769,4117307,7718176.373,March,2023,Debit Card
50,PUNJAB AND SIND BANK,Public Sector Banks,3749801,779299,1826175.636,March,2023,Debit Card
51,PUNJAB NATIONAL BANK,Public Sector Banks,40691768,10125547,21643968.16,March,2023,Debit Card
52,STATE BANK OF INDIA,Public Sector Banks,273903638,68859662,138376270.2,March,2023,Debit Card
53,UCO BANK,Public Sector Banks,12526099,2388066,4715762.901,March,2023,Debit Card
54,UNION BANK OF INDIA,Public Sector Banks,50134669,12342933,21625503.27,March,2023,Debit Card
55,AXIS BANK LTD,Private Sector Banks,30241706,13657435,38809906.72,March,2023,Debit Card
56,BANDHAN BANK LTD,Private Sector Banks,5361293,652763,1814965.728,March,2023,Debit Card
57,CITY UNION BANK LTD.,Private Sector Banks,2745671,841014,1747953.761,March,2023,Debit Card
58,CSB BANK LTD.,Private Sector Banks,886810,265528,490314.2059,March,2023,Debit Card
59,DCB BANK LTD,Private Sector Banks,951516,159970,475226.3989,March,2023,Debit Card
60,DHANALAKSHMI BANK LTD,Private Sector Banks,538487,261313,436872.639,March,2023,Debit Card
61,FEDERAL BANK LTD,Private Sector Banks,13060322,6400532,13061769.27,March,2023,Debit Card
62,HDFC BANK LTD,Private Sector Banks,50744860,32799244,94057814.38,March,2023,Debit Card
63,ICICI BANK LTD,Private Sector Banks,32750633,17087742,52579071.77,March,2023,Debit Card
64,IDBI BANK LTD,Private Sector Banks,11384081,2510277,5205454.277,March,2023,Debit Card
65,IDFC FIRST BANK LTD,Private Sector Banks,6272188,1409186,4085484.247,March,2023,Debit Card
66,INDUSIND BANK LTD,Private Sector Banks,8377229,2160486,6427388.988,March,2023,Debit Card
67,JAMMU AND KASHMIR BANK LTD,Private Sector Banks,3858936,3719272,3866887.172,March,2023,Debit Card
68,KARNATAKA BANK LTD,Private Sector Banks,5180946,1572382,2794136.576,March,2023,Debit Card
69,KARUR VYSYA BANK LTD,Private Sector Banks,4283734,1919001,4688943.321,March,2023,Debit Card
70,KOTAK MAHINDRA BANK LTD,Private Sector Banks,28291903,6891863,14732728.75,March,2023,Debit Card
71,NAINITAL BANK LTD,Private Sector Banks,206055,42513,84432.15544,March,2023,Debit Card
72,RBL BANK LTD,Private Sector Banks,1602547,375124,1158653.827,March,2023,Debit Card
73,SOUTH INDIAN BANK,Private Sector Banks,3664965,1862171,3903290.018,March,2023,Debit Card
74,TAMILNAD MERCANTILE BANK LTD,Private Sector Banks,2176364,522890,1164272.409,March,2023,Debit Card
75,YES BANK LTD,Private Sector Banks,4425818,1462080,3638682.489,March,2023,Debit Card
76,AMERICAN EXPRESS BANKING CORPORATION,Foreign Banks,0,0,0,March,2023,Debit Card
77,BANK OF AMERICA,Foreign Banks,0,0,0,March,2023,Debit Card
78,BARCLAYS BANK PLC,Foreign Banks,908,29,50.4751,March,2023,Debit Card
79,CITI BANK,Foreign Banks,0,0,0,March,2023,Debit Card
80,DBS INDIA BANK LTD,Foreign Banks,1871842,584124,1112584.457,March,2023,Debit Card
81,DEUTSCHE BANK LTD,Foreign Banks,115898,68213,199336.8667,March,2023,Debit Card
82,HSBC LTD,Foreign Banks,582108,313749,1033024.519,March,2023,Debit Card
83,SBM BANK INDIA LTD,Foreign Banks,602345,59817,130868.2223,March,2023,Debit Card
84,STANDARD CHARTERED BANK LTD,Foreign Banks,1137359,1007368,2604378.232,March,2023,Debit Card
85,WOORI BANK,Foreign Banks,977,5706,17331.42577,March,2023,Debit Card
0,BANK OF BARODA,Public Sector Banks,1194104,2555872,9288660.973,April,2022,Credit Card
1,BANK OF INDIA,Public Sector Banks,165625,268651,818070.4943,April,2022,Credit Card
2,BANK OF MAHARASHTRA,Public Sector Banks,77592,93486,381074.492,April,2022,Credit Card
3,CANARA BANK,Public Sector Banks,917871,920892,2562247.824,April,2022,Credit Card
4,CENTRAL BANK OF INDIA,Public Sector Banks,0,0,0,April,2022,Credit Card
5,INDIAN BANK,Public Sector Banks,154353,201378,608306.603,April,2022,Credit Card
6,INDIAN OVERSEAS BANK,Public Sector Banks,74442,86920,205307.794,April,2022,Credit Card
7,PUNJAB AND SIND BANK,Public Sector Banks,0,0,0,April,2022,Credit Card
8,PUNJAB NATIONAL BANK,Public Sector Banks,328673,609149,1800886.008,April,2022,Credit Card
9,STATE BANK OF INDIA,Public Sector Banks,13946540,41871460,195996859.6,April,2022,Credit Card
10,UCO BANK,Public Sector Banks,0,0,0,April,2022,Credit Card
11,UNION BANK OF INDIA,Public Sector Banks,540048,826684,2638389.301,April,2022,Credit Card
12,AXIS BANK LTD,Private Sector Banks,9261251,24390804,91756519.64,April,2022,Credit Card
13,BANDHAN BANK LTD,Private Sector Banks,0,0,0,April,2022,Credit Card
14,CSB BANK LTD,Private Sector Banks,0,0,0,April,2022,Credit Card
15,CITY UNION BANK,Private Sector Banks,1790,1817,5042.45229,April,2022,Credit Card
16,DCB BANK LTD,Private Sector Banks,3715,9864,27946.30484,April,2022,Credit Card
17,DHANALAKSHMI BANK LTD,Private Sector Banks,7155,23303,58373.69001,April,2022,Credit Card
18,FEDERAL BANK LTD,Private Sector Banks,170251,772946,2709023.962,April,2022,Credit Card
19,HDFC BANK LTD,Private Sector Banks,16833724,56290403,290794792.7,April,2022,Credit Card
20,ICICI BANK LTD,Private Sector Banks,13128334,43194333,207253344.8,April,2022,Credit Card
21,IDBI BANK LTD,Private Sector Banks,41889,122510,385041.2609,April,2022,Credit Card
22,IDFC FIRST BANK LTD,Private Sector Banks,856394,2620155,12011900.76,April,2022,Credit Card
23,INDUSIND BANK LTD,Private Sector Banks,1922608,4664850,51788192.89,April,2022,Credit Card
24,JAMMU AND KASHMIR BANK LTD,Private Sector Banks,82098,230926,1064508.572,April,2022,Credit Card
25,KARNATAKA BANK LTD,Private Sector Banks,0,0,0,April,2022,Credit Card
26,KARUR VYSYA BANK LTD,Private Sector Banks,6930,23072,120868.0182,April,2022,Credit Card
27,KOTAK MAHINDRA BANK LTD,Private Sector Banks,3425409,6974196,28412443.91,April,2022,Credit Card
28,RBL BANK LTD,Private Sector Banks,3754269,9303953,41916028.27,April,2022,Credit Card
29,SOUTH INDIAN BANK,Private Sector Banks,72601,418908,1468747.758,April,2022,Credit Card
30,TAMILNAD MERCANTILE BANK LTD,Private Sector Banks,33594,63811,267087.086,April,2022,Credit Card
31,YES BANK LTD,Private Sector Banks,1209178,2512352,9845526.523,April,2022,Credit Card
32,AMERICAN EXPRESS BANKING CORPORATION,Foreign Banks,1375307,4394769,30970444.88,April,2022,Credit Card
33,BANK OF AMERICA,Foreign Banks,21588,39974,238356.7894,April,2022,Credit Card
34,BARCLAYS BANK PLC,Foreign Banks,0,0,0,April,2022,Credit Card
35,CITI BANK,Foreign Banks,2550891,12843928,42484048.59,April,2022,Credit Card
36,DBS INDIA BANK LTD,Foreign Banks,4992,4875,18988.40629,April,2022,Credit Card
37,DEUTSCHE BANK LTD,Foreign Banks,0,0,0,April,2022,Credit Card
38,HSBC LTD,Foreign Banks,771007,1709445,7127519.171,April,2022,Credit Card
39,SBM BANK INDIA LTD,Foreign Banks,704385,1203016,4781137.398,April,2022,Credit Card
40,STANDARD CHARTERED BANK LTD,Foreign Banks,1337531,3184248,11617883.01,April,2022,Credit Card
41,BANK OF BARODA,Public Sector Banks,75272375,12719853,22949277.69,April,2022,Debit Card
42,BANK OF INDIA,Public Sector Banks,44965718,8092268,12730338.28,April,2022,Debit Card
43,BANK OF MAHARASHTRA,Public Sector Banks,12382388,4249073,6098393.198,April,2022,Debit Card
44,CANARA BANK,Public Sector Banks,47155319,14796245,27439934.9,April,2022,Debit Card
45,CENTRAL BANK OF INDIA,Public Sector Banks,30407359,3516187,7102463.576,April,2022,Debit Card
46,INDIAN BANK,Public Sector Banks,27095159,9014313,15009434.88,April,2022,Debit Card
47,INDIAN OVERSEAS BANK,Public Sector Banks,14617281,5047228,8526761.389,April,2022,Debit Card
48,PUNJAB AND SIND BANK,Public Sector Banks,3583157,958908,1965446.182,April,2022,Debit Card
49,PUNJAB NATIONAL BANK,Public Sector Banks,45677227,15063596,27271315.84,April,2022,Debit Card
50,STATE BANK OF INDIA,Public Sector Banks,279530049,94606052,175630225.4,April,2022,Debit Card
51,UCO BANK,Public Sector Banks,11370697,3139026,5651472.581,April,2022,Debit Card
52,UNION BANK OF INDIA,Public Sector Banks,48242120,17927159,28825477.06,April,2022,Debit Card
53,AXIS BANK LTD,Private Sector Banks,27912443,18625518,46096753.97,April,2022,Debit Card
54,BANDHAN BANK LTD,Private Sector Banks,5015559,961192,2263552,April,2022,Debit Card
55,CSB BANK LTD,Private Sector Banks,809076,297649,513944.1231,April,2022,Debit Card
56,CITY UNION BANK,Private Sector Banks,2617303,1223130,2061632.07,April,2022,Debit Card
57,DCB BANK LTD,Private Sector Banks,864615,359339,915581.75,April,2022,Debit Card
58,DHANALAKSHMI BANK LTD,Private Sector Banks,509355,318271,526727.3991,April,2022,Debit Card
59,FEDERAL BANK LTD,Private Sector Banks,11406240,7459704,13161089.75,April,2022,Debit Card
60,HDFC BANK LTD,Private Sector Banks,43572256,43641107,103064548.4,April,2022,Debit Card
61,ICICI BANK LTD,Private Sector Banks,36751248,24955058,64508607.28,April,2022,Debit Card
62,IDBI BANK LTD,Private Sector Banks,12939701,3886697,7308422.222,April,2022,Debit Card
63,IDFC FIRST BANK LTD,Private Sector Banks,4183935,1896979,3470520.867,April,2022,Debit Card
64,INDUSIND BANK LTD,Private Sector Banks,7067037,2908327,6873743.814,April,2022,Debit Card
65,JAMMU AND KASHMIR BANK LTD,Private Sector Banks,3507929,5005776,4490294.373,April,2022,Debit Card
66,KARNATAKA BANK LTD,Private Sector Banks,5144007,2287090,3495168.104,April,2022,Debit Card
67,KARUR VYSYA BANK LTD,Private Sector Banks,4063846,2599413,5486529.112,April,2022,Debit Card
68,KOTAK MAHINDRA BANK LTD,Private Sector Banks,23883034,9501655,17192587.3,April,2022,Debit Card
69,RBL BANK LTD,Private Sector Banks,1333257,473593,1030614.468,April,2022,Debit Card
70,SOUTH INDIAN BANK,Private Sector Banks,3608776,2393952,4490036.615,April,2022,Debit Card
71,TAMILNAD MERCANTILE BANK LTD,Private Sector Banks,2066200,466662,920802.6803,April,2022,Debit Card
72,YES BANK LTD,Private Sector Banks,3682345,2081628,4175207.261,April,2022,Debit Card
73,AMERICAN EXPRESS BANKING CORPORATION,Foreign Banks,0,0,0,April,2022,Debit Card
74,BANK OF AMERICA,Foreign Banks,0,0,0,April,2022,Debit Card
75,BARCLAYS BANK PLC,Foreign Banks,1702,100,766.6864,April,2022,Debit Card
76,CITI BANK,Foreign Banks,1424091,2184984,5685254.75,April,2022,Debit Card
77,DBS INDIA BANK LTD,Foreign Banks,2115415,1023243,1506755.679,April,2022,Debit Card
78,DEUTSCHE BANK LTD,Foreign Banks,118492,101703,259714.2428,April,2022,Debit Card
79,HSBC LTD,Foreign Banks,517950,414671,1170012.662,April,2022,Debit Card
80,SBM BANK INDIA LTD,Foreign Banks,57693,10691,27027.45807,April,2022,Debit Card
81,STANDARD CHARTERED BANK LTD,Foreign Banks,1118569,1602247,3412663.734,April,2022,Debit Card
0,BANK OF BARODA,Public Sector Banks,1267896,2954601,10871326.3,May,2022,Credit Card
1,BANK OF INDIA,Public Sector Banks,165929,277634,849235.0247,May,2022,Credit Card
2,BANK OF MAHARASHTRA,Public Sector Banks,77291,91537,377379.408,May,2022,Credit Card
3,CANARA BANK,Public Sector Banks,915470,956097,2722423.926,May,2022,Credit Card
4,CENTRAL BANK OF INDIA,Public Sector Banks,0,0,0,May,2022,Credit Card
5,INDIAN BANK,Public Sector Banks,155411,207874,712332.2956,May,2022,Credit Card
6,INDIAN OVERSEAS BANK,Public Sector Banks,76019,90016,219162.508,May,2022,Credit Card
7,PUNJAB AND SIND BANK,Public Sector Banks,0,0,0,May,2022,Credit Card
8,PUNJAB NATIONAL BANK,Public Sector Banks,329439,624125,1841759.212,May,2022,Credit Card
9,STATE BANK OF INDIA,Public Sector Banks,14148758,44208746,212354291.4,May,2022,Credit Card
10,UCO BANK,Public Sector Banks,0,0,0,May,2022,Credit Card
11,UNION BANK OF INDIA,Public Sector Banks,545740,777737,2529861.093,May,2022,Credit Card
12,AXIS BANK LTD,Private Sector Banks,9475786,26182811,95722195.31,May,2022,Credit Card
13,BANDHAN BANK LTD,Private Sector Banks,0,0,0,May,2022,Credit Card
14,CITY UNION BANK,Private Sector Banks,1747,1962,6102.34152,May,2022,Credit Card
15,CATHOLIC SYRIAN BANK LTD,Private Sector Banks,0,0,0,May,2022,Credit Card
16,DCB BANK LTD,Private Sector Banks,3633,9965,26760.634,May,2022,Credit Card
17,DHANALAKSHMI BANK LTD,Private Sector Banks,7233,24319,59934.004,May,2022,Credit Card
18,FEDERAL BANK LTD,Private Sector Banks,205091,996827,3866574.862,May,2022,Credit Card
19,HDFC BANK LTD,Private Sector Banks,17219010,60371074,314789321.4,May,2022,Credit Card
20,ICICI BANK LTD,Private Sector Banks,13340781,45677927,218586103.7,May,2022,Credit Card
21,IDBI LTD,Private Sector Banks,41850,128981,407613.3745,May,2022,Credit Card
22,IDFC Bank Limited,Private Sector Banks,887837,2749473,12653985.78,May,2022,Credit Card
23,INDUSIND BANK LTD,Private Sector Banks,1972365,4955462,60773013.96,May,2022,Credit Card
24,JAMMU AND KASHMIR BANK,Private Sector Banks,81550,258284,1131674.781,May,2022,Credit Card
25,KARNATAKA BANK LTD,Private Sector Banks,0,0,0,May,2022,Credit Card
26,KARUR VYSYA BANK LTD,Private Sector Banks,7430,24289,141554.5208,May,2022,Credit Card
27,KOTAK MAHINDRA BANK LTD,Private Sector Banks,3606571,7917899,32664102.01,May,2022,Credit Card
28,RATNAKAR BANK LIMITED,Private Sector Banks,3827746,9931405,45875591.24,May,2022,Credit Card
29,SOUTH INDIAN BANK,Private Sector Banks,87173,511687,1999154.661,May,2022,Credit Card
30,TAMILNAD MERCANTILE BANK LTD,Private Sector Banks,37405,67508,298536.7817,May,2022,Credit Card
31,YES BANK LTD,Private Sector Banks,1238367,2728671,10986530.31,May,2022,Credit Card
32,AMERICAN EXPRESS,Foreign Banks,1366552,4455148,30307550.24,May,2022,Credit Card
33,BANK OF AMERICA,Foreign Banks,21417,42204,268876.12,May,2022,Credit Card
34,BARCLAYS BANK PLC,Foreign Banks,0,0,0,May,2022,Credit Card
35,CITI BANK,Foreign Banks,2550537,13437691,45230032.77,May,2022,Credit Card
36,DBS BANK,Foreign Banks,12937,19928,102154.293,May,2022,Credit Card
37,DEUTSCHE BANK LTD,Foreign Banks,0,0,0,May,2022,Credit Card
38,HONGKONG AND SHANGHAI BKG CORPN,Foreign Banks,760575,1766780,7489738.866,May,2022,Credit Card
39,SBM Bank India,Foreign Banks,896538,1449219,5422519.643,May,2022,Credit Card
40,STANDARD CHARTERED BANK LTD,Foreign Banks,1328773,3323255,12085573.78,May,2022,Credit Card
41,BANK OF BARODA,Public Sector Banks,75630687,12868292,23075373.09,May,2022,Debit Card
42,BANK OF INDIA,Public Sector Banks,45256890,8092408,12698661.32,May,2022,Debit Card
43,BANK OF MAHARASHTRA,Public Sector Banks,12523886,3880688,5892887.316,May,2022,Debit Card
44,CANARA BANK,Public Sector Banks,46959288,14503376,27657612.58,May,2022,Debit Card
45,CENTRAL BANK OF INDIA,Public Sector Banks,28963920,3549449,7050976.338,May,2022,Debit Card
46,INDIAN BANK,Public Sector Banks,27241274,9167933,15870817.7,May,2022,Debit Card
47,INDIAN OVERSEAS BANK,Public Sector Banks,14770053,5132441,9115224.657,May,2022,Debit Card
48,PUNJAB AND SIND BANK,Public Sector Banks,3500716,936716,1893988.331,May,2022,Debit Card
49,PUNJAB NATIONAL BANK,Public Sector Banks,45920571,16297896,26409829.03,May,2022,Debit Card
50,STATE BANK OF INDIA,Public Sector Banks,278381730,92583027,172672373.3,May,2022,Debit Card
51,UCO BANK,Public Sector Banks,11456060,3123639,5562934.657,May,2022,Debit Card
52,UNION BANK OF INDIA,Public Sector Banks,48623903,18021550,29452720.98,May,2022,Debit Card
53,AXIS BANK LTD,Private Sector Banks,28233123,18712864,47018916.41,May,2022,Debit Card
54,BANDHAN BANK LTD,Private Sector Banks,5090313,979528,2176040,May,2022,Debit Card
55,CITY UNION BANK,Private Sector Banks,2613007,1159304,2153502.463,May,2022,Debit Card
56,CATHOLIC SYRIAN BANK LTD,Private Sector Banks,815718,321803,566731.2682,May,2022,Debit Card
57,DCB BANK LTD,Private Sector Banks,874322,384167,988475.194,May,2022,Debit Card
58,DHANALAKSHMI BANK LTD,Private Sector Banks,513144,322982,533297.6316,May,2022,Debit Card
59,FEDERAL BANK LTD,Private Sector Banks,11871123,7910064,14048859.4,May,2022,Debit Card
60,HDFC BANK LTD,Private Sector Banks,44236727,44159747,106149205.2,May,2022,Debit Card
61,ICICI BANK LTD,Private Sector Banks,36983226,24665925,65656838.01,May,2022,Debit Card
62,IDBI LTD,Private Sector Banks,12779682,3881125,7357465.137,May,2022,Debit Card
63,IDFC Bank Limited,Private Sector Banks,4309591,1929668,3626884.468,May,2022,Debit Card
64,INDUSIND BANK LTD,Private Sector Banks,7140280,2943249,6984117.145,May,2022,Debit Card
65,JAMMU AND KASHMIR BANK,Private Sector Banks,3548259,5149313,4415315.994,May,2022,Debit Card
66,KARNATAKA BANK LTD,Private Sector Banks,5159931,2401031,3671024.806,May,2022,Debit Card
67,KARUR VYSYA BANK LTD,Private Sector Banks,4050405,2527607,5568401.069,May,2022,Debit Card
68,KOTAK MAHINDRA BANK LTD,Private Sector Banks,24228289,9984207,19001849.08,May,2022,Debit Card
69,RATNAKAR BANK LIMITED,Private Sector Banks,1356091,477221,1075194.403,May,2022,Debit Card
70,SOUTH INDIAN BANK,Private Sector Banks,3696135,2470724,4623510.087,May,2022,Debit Card
71,TAMILNAD MERCANTILE BANK LTD,Private Sector Banks,2079096,639346,1268642.206,May,2022,Debit Card
72,YES BANK LTD,Private Sector Banks,3769309,2128079,4242975.8,May,2022,Debit Card
73,AMERICAN EXPRESS,Foreign Banks,0,0,0,May,2022,Debit Card
74,BANK OF AMERICA,Foreign Banks,0,0,0,May,2022,Debit Card
75,BARCLAYS BANK PLC,Foreign Banks,1696,90,312.93416,May,2022,Debit Card
76,CITI BANK,Foreign Banks,1343391,2093400,5513815.238,May,2022,Debit Card
77,DBS BANK,Foreign Banks,2104736,1006895,1522928.513,May,2022,Debit Card
78,DEUTSCHE BANK LTD,Foreign Banks,118513,98744,246920.6587,May,2022,Debit Card
79,HONGKONG AND SHANGHAI BKG CORPN,Foreign Banks,522803,404764,1116481.569,May,2022,Debit Card
80,SBM Bank India,Foreign Banks,81778,13241,25513.6,May,2022,Debit Card
81,STANDARD CHARTERED BANK LTD,Foreign Banks,1121344,1578423,3446668.35,May,2022,Debit Card
0,BANK OF BARODA,Public Sector Banks,1348264,2936292,11518978.94,June,2022,Credit Card
1,BANK OF INDIA,Public Sector Banks,169240,250779,781597.1503,June,2022,Credit Card
2,BANK OF MAHARASHTRA,Public Sector Banks,77017,83933,349389.614,June,2022,Credit Card
3,CANARA BANK,Public Sector Banks,922700,929375,2667498.761,June,2022,Credit Card
4,CENTRAL BANK OF INDIA,Public Sector Banks,0,0,0,June,2022,Credit Card
5,INDIAN BANK,Public Sector Banks,156312,186259,567212.662,June,2022,Credit Card
6,INDIAN OVERSEAS BANK,Public Sector Banks,77236,85437,206040.517,June,2022,Credit Card
7,PUNJAB AND SIND BANK,Public Sector Banks,0,0,0,June,2022,Credit Card
8,PUNJAB NATIONAL BANK,Public Sector Banks,330315,586059,1773217.694,June,2022,Credit Card
9,STATE BANK OF INDIA,Public Sector Banks,14315734,41864654,188361665.6,June,2022,Credit Card
10,UCO BANK,Public Sector Banks,0,0,0,June,2022,Credit Card
11,UNION BANK OF INDIA,Public Sector Banks,552143,752978,2501768.254,June,2022,Credit Card
12,AXIS BANK LTD,Private Sector Banks,9704719,26439693,100958089.1,June,2022,Credit Card
13,BANDHAN BANK LTD,Private Sector Banks,0,0,0,June,2022,Credit Card
14,CITY UNION BANK LTD.,Private Sector Banks,1725,1789,4664.07165,June,2022,Credit Card
15,CSB BANK LTD.,Private Sector Banks,0,0,0,June,2022,Credit Card
16,DCB BANK LTD,Private Sector Banks,3530,8825,24866.887,June,2022,Credit Card
17,DHANALAKSHMI BANK LTD,Private Sector Banks,7471,22798,52788.9085,June,2022,Credit Card
18,FEDERAL BANK LTD,Private Sector Banks,234580,988430,4075552.883,June,2022,Credit Card
19,HDFC BANK LTD,Private Sector Banks,17605497,57384997,295782550.2,June,2022,Credit Card
20,ICICI BANK LTD,Private Sector Banks,13531271,43479024,216682492.4,June,2022,Credit Card
21,IDBI BANK LTD,Private Sector Banks,41815,116268,375161.6792,June,2022,Credit Card
22,IDFC FIRST BANK LTD,Private Sector Banks,962792,2654025,12764923.33,June,2022,Credit Card
23,INDUSIND BANK LTD,Private Sector Banks,2029218,4802363,55490788.9,June,2022,Credit Card
24,JAMMU AND KASHMIR BANK LTD,Private Sector Banks,81054,226342,1074210.492,June,2022,Credit Card
25,KARNATAKA BANK LTD,Private Sector Banks,0,0,0,June,2022,Credit Card
26,KARUR VYSYA BANK LTD,Private Sector Banks,9169,24768,139261.0877,June,2022,Credit Card
27,KOTAK MAHINDRA BANK LTD,Private Sector Banks,3869513,7734725,32858630.38,June,2022,Credit Card
28,RBL BANK LTD,Private Sector Banks,3914742,9488100,44115351.17,June,2022,Credit Card
29,SOUTH INDIAN BANK,Private Sector Banks,102132,519068,2182130.735,June,2022,Credit Card
30,TAMILNAD MERCANTILE BANK LTD,Private Sector Banks,40660,65771,301468.454,June,2022,Credit Card
31,YES BANK LTD,Private Sector Banks,1294496,2612933,10982488.79,June,2022,Credit Card
32,AMERICAN EXPRESS BANKING CORPORATION,Foreign Banks,1360776,4266848,29792428.95,June,2022,Credit Card
33,BANK OF AMERICA,Foreign Banks,21274,43927,286049.6392,June,2022,Credit Card
34,BARCLAYS BANK PLC,Foreign Banks,0,0,0,June,2022,Credit Card
35,CITI BANK,Foreign Banks,2556297,12491467,42106588.63,June,2022,Credit Card
36,DBS INDIA BANK LTD,Foreign Banks,22031,35576,177789.8071,June,2022,Credit Card
37,DEUTSCHE BANK LTD,Foreign Banks,0,0,0,June,2022,Credit Card
38,HSBC LTD,Foreign Banks,762412,1677698,7249224.338,June,2022,Credit Card
39,SBM BANK INDIA LTD,Foreign Banks,1048914,1464662,6185474.962,June,2022,Credit Card
40,STANDARD CHARTERED BANK LTD,Foreign Banks,1325750,3080360,11373452.26,June,2022,Credit Card
41,BANK OF BARODA,Public Sector Banks,75993816,11972147,21291560.83,June,2022,Debit Card
42,BANK OF INDIA,Public Sector Banks,45402570,7469283,11567908.63,June,2022,Debit Card
43,BANK OF MAHARASHTRA,Public Sector Banks,12651775,3464205,5054376.993,June,2022,Debit Card
44,CANARA BANK,Public Sector Banks,46100836,13413751,25062918.76,June,2022,Debit Card
45,CENTRAL BANK OF INDIA,Public Sector Banks,27038530,3334277,6442263.088,June,2022,Debit Card
46,INDIAN BANK,Public Sector Banks,27703669,8629231,14783361.32,June,2022,Debit Card
47,INDIAN OVERSEAS BANK,Public Sector Banks,14886914,4850673,8463725.486,June,2022,Debit Card
48,PUNJAB AND SIND BANK,Public Sector Banks,3517700,890945,1833145.995,June,2022,Debit Card
49,PUNJAB NATIONAL BANK,Public Sector Banks,46296504,14119353,24661157.51,June,2022,Debit Card
50,STATE BANK OF INDIA,Public Sector Banks,274069731,87383571,158405869.9,June,2022,Debit Card
51,UCO BANK,Public Sector Banks,11542722,2873748,5168255.322,June,2022,Debit Card
52,UNION BANK OF INDIA,Public Sector Banks,49044522,16799431,27528512.69,June,2022,Debit Card
53,AXIS BANK LTD,Private Sector Banks,28729313,17569094,44484492.2,June,2022,Debit Card
54,BANDHAN BANK LTD,Private Sector Banks,5059874,900813,2013556,June,2022,Debit Card
55,CITY UNION BANK LTD.,Private Sector Banks,2621852,1080920,2013923.039,June,2022,Debit Card
56,CSB BANK LTD.,Private Sector Banks,822990,298586,522655.5969,June,2022,Debit Card
57,DCB BANK LTD,Private Sector Banks,886534,370629,954761.847,June,2022,Debit Card
58,DHANALAKSHMI BANK LTD,Private Sector Banks,513243,297404,481111.6857,June,2022,Debit Card
59,FEDERAL BANK LTD,Private Sector Banks,12155305,7407305,12936062.45,June,2022,Debit Card
60,HDFC BANK LTD,Private Sector Banks,45013206,41574319,98634905.27,June,2022,Debit Card
61,ICICI BANK LTD,Private Sector Banks,36545077,23274367,62280510.31,June,2022,Debit Card
62,IDBI BANK LTD,Private Sector Banks,12812177,3544174,6661099.965,June,2022,Debit Card
63,IDFC FIRST BANK LTD,Private Sector Banks,4458810,1843159,3389586.054,June,2022,Debit Card
64,INDUSIND BANK LTD,Private Sector Banks,7255130,2740301,6583275.502,June,2022,Debit Card
65,JAMMU AND KASHMIR BANK LTD,Private Sector Banks,3527294,4189073,3978001.5,June,2022,Debit Card
66,KARNATAKA BANK LTD,Private Sector Banks,5184924,2296632,3300902.439,June,2022,Debit Card
67,KARUR VYSYA BANK LTD,Private Sector Banks,4040127,2355729,5204230.45,June,2022,Debit Card
68,KOTAK MAHINDRA BANK LTD,Private Sector Banks,24587521,8864045,16753572.44,June,2022,Debit Card
69,RBL BANK LTD,Private Sector Banks,1383312,460709,1017101.6,June,2022,Debit Card
70,SOUTH INDIAN BANK,Private Sector Banks,3645317,2292254,4243862.453,June,2022,Debit Card
71,TAMILNAD MERCANTILE BANK LTD,Private Sector Banks,2089014,627874,1257049.876,June,2022,Debit Card
72,YES BANK LTD,Private Sector Banks,3861792,2025736,4014219.931,June,2022,Debit Card
73,AMERICAN EXPRESS BANKING CORPORATION,Foreign Banks,0,0,0,June,2022,Debit Card
74,BANK OF AMERICA,Foreign Banks,0,0,0,June,2022,Debit Card
75,BARCLAYS BANK PLC,Foreign Banks,1679,85,514.964,June,2022,Debit Card
76,CITI BANK,Foreign Banks,1337043,1973806,5091601.908,June,2022,Debit Card
77,DBS INDIA BANK LTD,Foreign Banks,2060166,929913,1430933.643,June,2022,Debit Card
78,DEUTSCHE BANK LTD,Foreign Banks,120095,91593,229460.5833,June,2022,Debit Card
79,HSBC LTD,Foreign Banks,523995,379483,1035718.118,June,2022,Debit Card
80,SBM BANK INDIA LTD,Foreign Banks,112254,20575,37152.42684,June,2022,Debit Card
81,STANDARD CHARTERED BANK LTD,Foreign Banks,1124313,1448420,3140480.006,June,2022,Debit Card
0,BANK OF BARODA,Public Sector Banks,1416927,3186932,12747388.48,July,2022,Credit Card
1,BANK OF INDIA,Public Sector Banks,161832,247491,789773.4501,July,2022,Credit Card
2,BANK OF MAHARASHTRA,Public Sector Banks,76761,79760,328788.5421,July,2022,Credit Card
3,CANARA BANK,Public Sector Banks,913399,974364,2808209.197,July,2022,Credit Card
4,CENTRAL BANK OF INDIA,Public Sector Banks,0,0,0,July,2022,Credit Card
5,INDIAN BANK,Public Sector Banks,157121,199219,686113.412,July,2022,Credit Card
6,INDIAN OVERSEAS BANK,Public Sector Banks,78878,86192,217620.893,July,2022,Credit Card
7,PUNJAB AND SIND BANK,Public Sector Banks,0,0,0,July,2022,Credit Card
8,PUNJAB NATIONAL BANK,Public Sector Banks,334350,606048,1912138.517,July,2022,Credit Card
9,STATE BANK OF INDIA,Public Sector Banks,14534667,41808171,193677739.6,July,2022,Credit Card
10,UCO BANK,Public Sector Banks,0,0,0,July,2022,Credit Card
11,UNION BANK OF INDIA,Public Sector Banks,560409,737289,2499967.503,July,2022,Credit Card
12,AXIS BANK LTD,Private Sector Banks,9932333,26710455,100652337.4,July,2022,Credit Card
13,BANDHAN BANK LTD,Private Sector Banks,0,0,0,July,2022,Credit Card
14,CITY UNION BANK LTD.,Private Sector Banks,1671,1843,4958.10283,July,2022,Credit Card
15,CSB BANK LTD.,Private Sector Banks,0,0,0,July,2022,Credit Card
16,DCB BANK LTD,Private Sector Banks,3469,8331,24966.19,July,2022,Credit Card
17,DHANALAKSHMI BANK LTD,Private Sector Banks,7645,23972,57085.76594,July,2022,Credit Card
18,FEDERAL BANK LTD,Private Sector Banks,264497,1164933,5003983.815,July,2022,Credit Card
19,HDFC BANK LTD,Private Sector Banks,17949861,59525681,328448726.6,July,2022,Credit Card
20,ICICI BANK LTD,Private Sector Banks,13725493,46232925,233462385.2,July,2022,Credit Card
21,IDBI BANK LTD,Private Sector Banks,42508,114188,371467.5742,July,2022,Credit Card
22,IDFC FIRST BANK LTD,Private Sector Banks,1042747,2783207,13698448.03,July,2022,Credit Card
23,INDUSIND BANK LTD,Private Sector Banks,1822569,5062403,56828957.92,July,2022,Credit Card
24,JAMMU AND KASHMIR BANK LTD,Private Sector Banks,81101,223001,1027146.045,July,2022,Credit Card
25,KARNATAKA BANK LTD,Private Sector Banks,0,0,0,July,2022,Credit Card
26,KARUR VYSYA BANK LTD,Private Sector Banks,9680,25256,159218.3043,July,2022,Credit Card
27,KOTAK MAHINDRA BANK LTD,Private Sector Banks,4052093,8069889,36319737.42,July,2022,Credit Card
28,RBL BANK LTD,Private Sector Banks,4005255,9731407,46751561.39,July,2022,Credit Card
29,SOUTH INDIAN BANK,Private Sector Banks,115538,610378,2668167.024,July,2022,Credit Card
30,TAMILNAD MERCANTILE BANK LTD,Private Sector Banks,40991,70997,321373.791,July,2022,Credit Card
31,YES BANK LTD,Private Sector Banks,1331990,2681146,11788890.8,July,2022,Credit Card
32,BANK OF AMERICA,Foreign Banks,21092,42999,296999.6693,July,2022,Credit Card
33,AMERICAN EXPRESS BANKING CORPORATION,Foreign Banks,1356420,4251530,30180808.05,July,2022,Credit Card
34,BARCLAYS BANK PLC,Foreign Banks,0,0,0,July,2022,Credit Card
35,CITI BANK,Foreign Banks,2545671,12148881,42003739.72,July,2022,Credit Card
36,DBS INDIA BANK LTD,Foreign Banks,34686,55288,281472.7948,July,2022,Credit Card
37,DEUTSCHE BANK LTD,Foreign Banks,0,0,0,July,2022,Credit Card
38,HSBC LTD,Foreign Banks,762067,1719811,7500254.58,July,2022,Credit Card
39,SBM BANK INDIA LTD,Foreign Banks,1275573,1939983,9416960.729,July,2022,Credit Card
40,STANDARD CHARTERED BANK LTD,Foreign Banks,1321772,2999238,11302810.69,July,2022,Credit Card
41,BANK OF BARODA,Public Sector Banks,76491940,11969658,21460260.35,July,2022,Debit Card
42,BANK OF INDIA,Public Sector Banks,45431685,7516774,11745615.21,July,2022,Debit Card
43,BANK OF MAHARASHTRA,Public Sector Banks,12784888,3449433,5072637.412,July,2022,Debit Card
44,CANARA BANK,Public Sector Banks,46819589,13549888,26056595.9,July,2022,Debit Card
45,CENTRAL BANK OF INDIA,Public Sector Banks,27305718,3568336,7152104.904,July,2022,Debit Card
46,INDIAN BANK,Public Sector Banks,28168095,8668019,15043640.24,July,2022,Debit Card
47,INDIAN OVERSEAS BANK,Public Sector Banks,15101912,4886335,8583367.661,July,2022,Debit Card
48,PUNJAB AND SIND BANK,Public Sector Banks,3525744,901157,1884261.361,July,2022,Debit Card
49,PUNJAB NATIONAL BANK,Public Sector Banks,46524689,13416172,25553759.63,July,2022,Debit Card
50,STATE BANK OF INDIA,Public Sector Banks,274637296,88012700,166662759.9,July,2022,Debit Card
51,UCO BANK,Public Sector Banks,11643639,2934883,5312326.951,July,2022,Debit Card
52,UNION BANK OF INDIA,Public Sector Banks,49339980,17038547,28474537.23,July,2022,Debit Card
53,AXIS BANK LTD,Private Sector Banks,29034253,17904850,45159457.96,July,2022,Debit Card
54,BANDHAN BANK LTD,Private Sector Banks,5096560,870966,2025677.292,July,2022,Debit Card
55,CITY UNION BANK LTD.,Private Sector Banks,2623101,1110425,2075948.627,July,2022,Debit Card
56,CSB BANK LTD.,Private Sector Banks,833519,312086,540951.5273,July,2022,Debit Card
57,DCB BANK LTD,Private Sector Banks,895555,344589,754376.741,July,2022,Debit Card
58,DHANALAKSHMI BANK LTD,Private Sector Banks,515156,307063,498695.3062,July,2022,Debit Card
59,FEDERAL BANK LTD,Private Sector Banks,12437294,7854041,14547029,July,2022,Debit Card
60,HDFC BANK LTD,Private Sector Banks,45803977,42799247,109074376.5,July,2022,Debit Card
61,ICICI BANK LTD,Private Sector Banks,35712273,23828609,69928566.44,July,2022,Debit Card
62,IDBI BANK LTD,Private Sector Banks,12779200,3485783,6658880.921,July,2022,Debit Card
63,IDFC FIRST BANK LTD,Private Sector Banks,4579140,1886523,3704004.188,July,2022,Debit Card
64,INDUSIND BANK LTD,Private Sector Banks,7412670,2717164,6627727.231,July,2022,Debit Card
65,JAMMU AND KASHMIR BANK LTD,Private Sector Banks,3574096,4418439,4176591.278,July,2022,Debit Card
66,KARNATAKA BANK LTD,Private Sector Banks,5186059,2352754,3416026.887,July,2022,Debit Card
67,KARUR VYSYA BANK LTD,Private Sector Banks,3991619,2396222,5397731.9,July,2022,Debit Card
68,KOTAK MAHINDRA BANK LTD,Private Sector Banks,24983429,9048536,17462690.99,July,2022,Debit Card
69,RBL BANK LTD,Private Sector Banks,1404224,468652,1097883.791,July,2022,Debit Card
70,SOUTH INDIAN BANK,Private Sector Banks,3668438,2393936,4581612.125,July,2022,Debit Card
71,TAMILNAD MERCANTILE BANK LTD,Private Sector Banks,2105557,622886,1240731.178,July,2022,Debit Card
72,YES BANK LTD,Private Sector Banks,3958870,2012373,4129328.365,July,2022,Debit Card
73,BANK OF AMERICA,Foreign Banks,0,0,0,July,2022,Debit Card
74,AMERICAN EXPRESS BANKING CORPORATION,Foreign Banks,0,0,0,July,2022,Debit Card
75,BARCLAYS BANK PLC,Foreign Banks,1645,69,225.6678,July,2022,Debit Card
76,CITI BANK,Foreign Banks,1333354,1961470,5324486.017,July,2022,Debit Card
77,DBS INDIA BANK LTD,Foreign Banks,2038403,913169,1443155.384,July,2022,Debit Card
78,DEUTSCHE BANK LTD,Foreign Banks,121353,92809,240766.0223,July,2022,Debit Card
79,HSBC LTD,Foreign Banks,530747,383322,1095028.888,July,2022,Debit Card
80,SBM BANK INDIA LTD,Foreign Banks,134661,28278,58141.15622,July,2022,Debit Card
81,STANDARD CHARTERED BANK LTD,Foreign Banks,1166145,1458283,3334772.384,July,2022,Debit Card
0,BANK OF BARODA,Public Sector Banks,1428072,3509197,13687481.56,August,2022,Credit Card
1,BANK OF INDIA,Public Sector Banks,150601,255862,802017.2064,August,2022,Credit Card
2,BANK OF MAHARASHTRA,Public Sector Banks,76504,86079,350761.8925,August,2022,Credit Card
3,CANARA BANK,Public Sector Banks,527272,979548,2820508.711,August,2022,Credit Card
4,CENTRAL BANK OF INDIA,Public Sector Banks,0,0,0,August,2022,Credit Card
5,INDIAN BANK,Public Sector Banks,163346,201729,708542.318,August,2022,Credit Card
6,INDIAN OVERSEAS BANK,Public Sector Banks,80651,87834,219040.726,August,2022,Credit Card
7,PUNJAB AND SIND BANK,Public Sector Banks,0,0,0,August,2022,Credit Card
8,PUNJAB NATIONAL BANK,Public Sector Banks,339352,649790,2026680.767,August,2022,Credit Card
9,STATE BANK OF INDIA,Public Sector Banks,14830926,44146358,196028508.9,August,2022,Credit Card
10,UCO BANK,Public Sector Banks,0,0,0,August,2022,Credit Card
11,UNION BANK OF INDIA,Public Sector Banks,563047,772141,2574323.366,August,2022,Credit Card
12,AXIS BANK LTD,Private Sector Banks,8879353,29402182,103213773.7,August,2022,Credit Card
13,BANDHAN BANK LTD,Private Sector Banks,0,0,0,August,2022,Credit Card
14,CITY UNION BANK LTD.,Private Sector Banks,1644,1917,4301.95534,August,2022,Credit Card
15,CSB BANK LTD.,Private Sector Banks,0,0,0,August,2022,Credit Card
16,DCB BANK LTD,Private Sector Banks,3382,6822,18940.20958,August,2022,Credit Card
17,DHANALAKSHMI BANK LTD,Private Sector Banks,7760,25625,60936.56585,August,2022,Credit Card
18,FEDERAL BANK LTD,Private Sector Banks,297437,1348760,5602081.95,August,2022,Credit Card
19,HDFC BANK LTD,Private Sector Banks,16428971,61201062,324304934.7,August,2022,Credit Card
20,ICICI BANK LTD,Private Sector Banks,13937013,46377772,200705769.4,August,2022,Credit Card
21,IDBI BANK LTD,Private Sector Banks,42743,127725,407765.5462,August,2022,Credit Card
22,IDFC FIRST BANK LTD,Private Sector Banks,1113545,3026688,14154410.52,August,2022,Credit Card
23,INDUSIND BANK LTD,Private Sector Banks,1869104,5250126,47699211.24,August,2022,Credit Card
24,JAMMU AND KASHMIR BANK LTD,Private Sector Banks,81315,241992,1099260.583,August,2022,Credit Card
25,KARNATAKA BANK LTD,Private Sector Banks,0,0,0,August,2022,Credit Card
26,KARUR VYSYA BANK LTD,Private Sector Banks,9934,26258,182783.1028,August,2022,Credit Card
27,KOTAK MAHINDRA BANK LTD,Private Sector Banks,4107595,8569646,38096698.24,August,2022,Credit Card
28,RBL BANK LTD,Private Sector Banks,4044789,10115107,46536165.14,August,2022,Credit Card
29,SOUTH INDIAN BANK,Private Sector Banks,128960,670511,2893677.68,August,2022,Credit Card
30,TAMILNAD MERCANTILE BANK LTD,Private Sector Banks,40979,71268,318580.591,August,2022,Credit Card
31,YES BANK LTD,Private Sector Banks,1246243,2832814,12131579.8,August,2022,Credit Card
32,AMERICAN EXPRESS BANKING CORPORATION,Foreign Banks,1353402,4185278,30950393.01,August,2022,Credit Card
33,BANK OF AMERICA,Foreign Banks,19589,40531,303109.2483,August,2022,Credit Card
34,BARCLAYS BANK PLC,Foreign Banks,0,0,0,August,2022,Credit Card
35,CITI BANK,Foreign Banks,2561253,12976277,43012211.12,August,2022,Credit Card
36,DBS INDIA BANK LTD,Foreign Banks,52882,98895,484497.9696,August,2022,Credit Card
37,DEUTSCHE BANK LTD,Foreign Banks,0,0,0,August,2022,Credit Card
38,HSBC LTD,Foreign Banks,765095,1721360,7536646.734,August,2022,Credit Card
39,SBM BANK INDIA LTD,Foreign Banks,1222172,1643578,7777846.047,August,2022,Credit Card
40,STANDARD CHARTERED BANK LTD,Foreign Banks,1319608,3284805,12034812.59,August,2022,Credit Card
41,BANK OF BARODA,Public Sector Banks,76893503,11548037,20857503.69,August,2022,Debit Card
42,BANK OF INDIA,Public Sector Banks,45494860,7239360,11480222.67,August,2022,Debit Card
43,BANK OF MAHARASHTRA,Public Sector Banks,12915821,3308366,4882429.689,August,2022,Debit Card
44,CANARA BANK,Public Sector Banks,47715491,13262489,25796325.92,August,2022,Debit Card
45,CENTRAL BANK OF INDIA,Public Sector Banks,27556286,3498264,6897731.598,August,2022,Debit Card
46,INDIAN BANK,Public Sector Banks,28371703,8603134,15207549.21,August,2022,Debit Card
47,INDIAN OVERSEAS BANK,Public Sector Banks,15263223,4888471,8738589.299,August,2022,Debit Card
48,PUNJAB AND SIND BANK,Public Sector Banks,3540893,885980,1901592.914,August,2022,Debit Card
49,PUNJAB NATIONAL BANK,Public Sector Banks,45499411,12101038,23176576.75,August,2022,Debit Card
50,STATE BANK OF INDIA,Public Sector Banks,277159959,85156312,162293114.8,August,2022,Debit Card
51,UCO BANK,Public Sector Banks,11753993,2837773,5209897.225,August,2022,Debit Card
52,UNION BANK OF INDIA,Public Sector Banks,49647373,16517342,27561372.03,August,2022,Debit Card
53,AXIS BANK LTD,Private Sector Banks,28975119,17313914,42811350.34,August,2022,Debit Card
54,BANDHAN BANK LTD,Private Sector Banks,5200062,827089,1955317.592,August,2022,Debit Card
55,CITY UNION BANK LTD.,Private Sector Banks,2622921,1118536,2137530.998,August,2022,Debit Card
56,CSB BANK LTD.,Private Sector Banks,831219,313067,566003.9225,August,2022,Debit Card
57,DCB BANK LTD,Private Sector Banks,914406,335285,743582.7932,August,2022,Debit Card
58,DHANALAKSHMI BANK LTD,Private Sector Banks,518391,309282,525837.5839,August,2022,Debit Card
59,FEDERAL BANK LTD,Private Sector Banks,12559380,7839247,15432575.76,August,2022,Debit Card
60,HDFC BANK LTD,Private Sector Banks,46582533,41367442,102730289.4,August,2022,Debit Card
61,ICICI BANK LTD,Private Sector Banks,35594187,22961617,63543544.48,August,2022,Debit Card
62,IDBI BANK LTD,Private Sector Banks,12725526,3351485,6407901.635,August,2022,Debit Card
63,IDFC FIRST BANK LTD,Private Sector Banks,4785111,1858957,3640308.704,August,2022,Debit Card
64,INDUSIND BANK LTD,Private Sector Banks,7543316,2623165,6481627.858,August,2022,Debit Card
65,JAMMU AND KASHMIR BANK LTD,Private Sector Banks,3623676,4527462,4050720.036,August,2022,Debit Card
66,KARNATAKA BANK LTD,Private Sector Banks,5196347,2201135,3229244.439,August,2022,Debit Card
67,KARUR VYSYA BANK LTD,Private Sector Banks,3957336,2394935,5405869.157,August,2022,Debit Card
68,KOTAK MAHINDRA BANK LTD,Private Sector Banks,25526683,8837215,17788077.25,August,2022,Debit Card
69,RBL BANK LTD,Private Sector Banks,1432029,456298,1057319.709,August,2022,Debit Card
70,SOUTH INDIAN BANK,Private Sector Banks,3646976,2384368,4719260.838,August,2022,Debit Card
71,TAMILNAD MERCANTILE BANK LTD,Private Sector Banks,2105582,631606,1314964.762,August,2022,Debit Card
72,YES BANK LTD,Private Sector Banks,4046276,1957475,4039676.768,August,2022,Debit Card
73,AMERICAN EXPRESS BANKING CORPORATION,Foreign Banks,0,0,0,August,2022,Debit Card
74,BANK OF AMERICA,Foreign Banks,0,0,0,August,2022,Debit Card
75,BARCLAYS BANK PLC,Foreign Banks,1650,33,251.244,August,2022,Debit Card
76,CITI BANK,Foreign Banks,1331815,2001589,5290177.146,August,2022,Debit Card
77,DBS INDIA BANK LTD,Foreign Banks,1977414,875966,1400840.946,August,2022,Debit Card
78,DEUTSCHE BANK LTD,Foreign Banks,118747,91193,231650.1804,August,2022,Debit Card
79,HSBC LTD,Foreign Banks,537794,374794,1110611.764,August,2022,Debit Card
80,SBM BANK INDIA LTD,Foreign Banks,248119,39009,104263.1429,August,2022,Debit Card
81,STANDARD CHARTERED BANK LTD,Foreign Banks,1167038,1364332,3185886.166,August,2022,Debit Card
0,BANK OF BARODA,Public Sector Banks,1502964,3560053,14311358.3,September,2022,Credit Card
1,BANK OF INDIA,Public Sector Banks,138964,229260,772173.8649,September,2022,Credit Card
2,BANK OF MAHARASHTRA,Public Sector Banks,78338,81119,341882.0689,September,2022,Credit Card
3,CANARA BANK,Public Sector Banks,558886,959368,2846569.873,September,2022,Credit Card
4,CENTRAL BANK OF INDIA,Public Sector Banks,0,0,0,September,2022,Credit Card
5,INDIAN BANK,Public Sector Banks,160881,192202,709402.916,September,2022,Credit Card
6,INDIAN OVERSEAS BANK,Public Sector Banks,83125,88702,226517.455,September,2022,Credit Card
7,PUNJAB AND SIND BANK,Public Sector Banks,0,0,0,September,2022,Credit Card
8,PUNJAB NATIONAL BANK,Public Sector Banks,346683,644951,2091826.384,September,2022,Credit Card
9,STATE BANK OF INDIA,Public Sector Banks,14828035,44774432,233352943,September,2022,Credit Card
10,UCO BANK,Public Sector Banks,0,0,0,September,2022,Credit Card
11,UNION BANK OF INDIA,Public Sector Banks,555212,701643,2376143.916,September,2022,Credit Card
12,AXIS BANK LTD,Private Sector Banks,8824819,31691612,127882716.9,September,2022,Credit Card
13,BANDHAN BANK LTD,Private Sector Banks,0,0,0,September,2022,Credit Card
14,CITY UNION BANK LTD.,Private Sector Banks,1618,1706,5212.63278,September,2022,Credit Card
15,CSB BANK LTD.,Private Sector Banks,0,0,0,September,2022,Credit Card
16,DCB BANK LTD,Private Sector Banks,0,4787,13262.152,September,2022,Credit Card
17,DHANALAKSHMI BANK LTD,Private Sector Banks,8025,24981,58647.2034,September,2022,Credit Card
18,FEDERAL BANK LTD,Private Sector Banks,332823,1392728,6073381.834,September,2022,Credit Card
19,HDFC BANK LTD,Private Sector Banks,16328522,58804006,325018669.6,September,2022,Credit Card
20,ICICI BANK LTD,Private Sector Banks,13316346,48672818,236312359.5,September,2022,Credit Card
21,IDBI BANK LTD,Private Sector Banks,43232,114615,378337.5842,September,2022,Credit Card
22,IDFC FIRST BANK LTD,Private Sector Banks,1204190,3043977,14767822.08,September,2022,Credit Card
23,INDUSIND BANK LTD,Private Sector Banks,1931403,5282419,45048778.38,September,2022,Credit Card
24,JAMMU AND KASHMIR BANK LTD,Private Sector Banks,83010,242300,1153980.391,September,2022,Credit Card
25,KARNATAKA BANK LTD,Private Sector Banks,0,0,0,September,2022,Credit Card
26,KARUR VYSYA BANK LTD,Private Sector Banks,11556,31713,232470.1174,September,2022,Credit Card
27,KOTAK MAHINDRA BANK LTD,Private Sector Banks,4299906,8463725,39612414.95,September,2022,Credit Card
28,RBL BANK LTD,Private Sector Banks,4097800,9827314,48196982.77,September,2022,Credit Card
29,SOUTH INDIAN BANK,Private Sector Banks,141237,681829,3122960.771,September,2022,Credit Card
30,TAMILNAD MERCANTILE BANK LTD,Private Sector Banks,40917,64824,308566.041,September,2022,Credit Card
31,YES BANK LTD,Private Sector Banks,1291423,2785091,12633281.02,September,2022,Credit Card
32,AMERICAN EXPRESS BANKING CORPORATION,Foreign Banks,1299223,4129190,31420069.55,September,2022,Credit Card
33,BANK OF AMERICA,Foreign Banks,17930,34999,287052.252,September,2022,Credit Card
34,BARCLAYS BANK PLC,Foreign Banks,0,0,0,September,2022,Credit Card
35,CITI BANK,Foreign Banks,2466201,11547986,39880882,September,2022,Credit Card
36,DBS INDIA BANK LTD,Foreign Banks,73338,137980,672002.5589,September,2022,Credit Card
37,DEUTSCHE BANK LTD,Foreign Banks,0,0,0,September,2022,Credit Card
38,HSBC LTD,Foreign Banks,717508,1633660,7281933.02,September,2022,Credit Card
39,SBM BANK INDIA LTD,Foreign Banks,1383164,1556462,6839889.457,September,2022,Credit Card
40,STANDARD CHARTERED BANK LTD,Foreign Banks,1217340,2997418,11418830.61,September,2022,Credit Card
41,BANK OF BARODA,Public Sector Banks,77708499,10890426,19919904.89,September,2022,Debit  Card
42,BANK OF INDIA,Public Sector Banks,45593205,6608257,10632213.63,September,2022,Debit  Card
43,BANK OF MAHARASHTRA,Public Sector Banks,13037906,3052116,4447104.559,September,2022,Debit  Card
44,CANARA BANK,Public Sector Banks,48539815,12834228,25127420.67,September,2022,Debit  Card
45,CENTRAL BANK OF INDIA,Public Sector Banks,27340402,3157967,6422105.449,September,2022,Debit  Card
46,INDIAN BANK,Public Sector Banks,28656557,7946290,14121629.39,September,2022,Debit  Card
47,INDIAN OVERSEAS BANK,Public Sector Banks,15445034,4429554,7988880.408,September,2022,Debit  Card
48,PUNJAB AND SIND BANK,Public Sector Banks,3562651,848894,1855491.163,September,2022,Debit  Card
49,PUNJAB NATIONAL BANK,Public Sector Banks,45758496,12016706,23400765.28,September,2022,Debit  Card
50,STATE BANK OF INDIA,Public Sector Banks,275397426,83257383,164670252,September,2022,Debit  Card
51,UCO BANK,Public Sector Banks,11879159,2713110,5056834.219,September,2022,Debit  Card
52,UNION BANK OF INDIA,Public Sector Banks,50217508,15712070,26170817.21,September,2022,Debit  Card
53,AXIS BANK LTD,Private Sector Banks,28744562,15814557,43895998.35,September,2022,Debit  Card
54,BANDHAN BANK LTD,Private Sector Banks,5173422,891085,2098709.833,September,2022,Debit  Card
55,CITY UNION BANK LTD.,Private Sector Banks,2651655,1033779,2001451.472,September,2022,Debit  Card
56,CSB BANK LTD.,Private Sector Banks,837083,287345,519941.9979,September,2022,Debit  Card
57,DCB BANK LTD,Private Sector Banks,926092,323547,688080.486,September,2022,Debit  Card
58,DHANALAKSHMI BANK LTD,Private Sector Banks,518467,296773,508370.2492,September,2022,Debit  Card
59,FEDERAL BANK LTD,Private Sector Banks,12197238,7268113,14528417.63,September,2022,Debit  Card
60,HDFC BANK LTD,Private Sector Banks,47410153,39708558,98702293.24,September,2022,Debit  Card
61,ICICI BANK LTD,Private Sector Banks,35633467,21571310,65599643.64,September,2022,Debit  Card
62,IDBI BANK LTD,Private Sector Banks,12507547,3130898,6009836.982,September,2022,Debit  Card
63,IDFC FIRST BANK LTD,Private Sector Banks,5007516,1840047,3548695.788,September,2022,Debit  Card
64,INDUSIND BANK LTD,Private Sector Banks,7593333,2504104,6525085.02,September,2022,Debit  Card
65,JAMMU AND KASHMIR BANK LTD,Private Sector Banks,3660711,4642442,4115323.411,September,2022,Debit  Card
66,KARNATAKA BANK LTD,Private Sector Banks,5185163,2080678,3043626.802,September,2022,Debit  Card
67,KARUR VYSYA BANK LTD,Private Sector Banks,4015071,2157663,4954762.376,September,2022,Debit  Card
68,KOTAK MAHINDRA BANK LTD,Private Sector Banks,25797993,8281412,16782580.02,September,2022,Debit  Card
69,RBL BANK LTD,Private Sector Banks,1459654,432038,1046989.105,September,2022,Debit  Card
70,SOUTH INDIAN BANK,Private Sector Banks,3551727,2216796,4431509.231,September,2022,Debit  Card
71,TAMILNAD MERCANTILE BANK LTD,Private Sector Banks,2124906,573802,1189949.537,September,2022,Debit  Card
72,YES BANK LTD,Private Sector Banks,3898519,1946759,4031211.103,September,2022,Debit  Card
73,AMERICAN EXPRESS BANKING CORPORATION,Foreign Banks,0,0,0,September,2022,Debit  Card
74,BANK OF AMERICA,Foreign Banks,0,0,0,September,2022,Debit  Card
75,BARCLAYS BANK PLC,Foreign Banks,980,39,409.73204,September,2022,Debit  Card
76,CITI BANK,Foreign Banks,1319374,1691220,4764671.004,September,2022,Debit  Card
77,DBS INDIA BANK LTD,Foreign Banks,1964920,786143,1284301.759,September,2022,Debit  Card
78,DEUTSCHE BANK LTD,Foreign Banks,118573,83994,217535.7083,September,2022,Debit  Card
79,HSBC LTD,Foreign Banks,542818,366998,921152.0523,September,2022,Debit  Card
80,SBM BANK INDIA LTD,Foreign Banks,291887,52478,131442.86,September,2022,Debit  Card
81,STANDARD CHARTERED BANK LTD,Foreign Banks,1189948,1282021,3021634.752,September,2022,Debit  Card
0,BANK OF BARODA,Public Sector Banks,1578148,3865411,15885131.16,October,2022,Credit Card
1,BANK OF INDIA,Public Sector Banks,84114,232478,838005.9673,October,2022,Credit Card
2,BANK OF MAHARASHTRA,Public Sector Banks,77883,91596,397156.5193,October,2022,Credit Card
3,CANARA BANK,Public Sector Banks,569338,1055173,3204764.199,October,2022,Credit Card
4,CENTRAL BANK OF INDIA,Public Sector Banks,0,0,0,October,2022,Credit Card
5,INDIAN BANK,Public Sector Banks,158707,210665,722421.509,October,2022,Credit Card
6,INDIAN OVERSEAS BANK,Public Sector Banks,72693,97355,256117.8591,October,2022,Credit Card
7,PUNJAB AND SIND BANK,Public Sector Banks,0,0,0,October,2022,Credit Card
8,PUNJAB NATIONAL BANK,Public Sector Banks,344956,666681,2268567.475,October,2022,Credit Card
9,STATE BANK OF INDIA,Public Sector Banks,15167195,46610157,233023757.1,October,2022,Credit Card
10,UCO BANK,Public Sector Banks,0,0,0,October,2022,Credit Card
11,UNION BANK OF INDIA,Public Sector Banks,546486,842828,2960000,October,2022,Credit Card
12,AXIS BANK LTD,Private Sector Banks,9086186,31650871,113162907.9,October,2022,Credit Card
13,BANDHAN BANK LTD,Private Sector Banks,0,0,0,October,2022,Credit Card
14,CITY UNION BANK LTD.,Private Sector Banks,1767,2157,5827.67152,October,2022,Credit Card
15,CSB BANK LTD.,Private Sector Banks,0,0,0,October,2022,Credit Card
16,DCB BANK LTD,Private Sector Banks,0,0,0,October,2022,Credit Card
17,DHANALAKSHMI BANK LTD,Private Sector Banks,8199,27361,64003.87301,October,2022,Credit Card
18,FEDERAL BANK LTD,Private Sector Banks,370543,1657866,7355685.553,October,2022,Credit Card
19,HDFC BANK LTD,Private Sector Banks,16546501,63484549,375333688.9,October,2022,Credit Card
20,ICICI BANK LTD,Private Sector Banks,13537626,48087218,216611770.7,October,2022,Credit Card
21,IDBI BANK LTD,Private Sector Banks,43375,124282,421316.3936,October,2022,Credit Card
22,IDFC FIRST BANK LTD,Private Sector Banks,1269278,3349076,16325494.25,October,2022,Credit Card
23,INDUSIND BANK LTD,Private Sector Banks,1964481,5314350,74423642.53,October,2022,Credit Card
24,JAMMU AND KASHMIR BANK LTD,Private Sector Banks,84034,284600,1459225.189,October,2022,Credit Card
25,KARNATAKA BANK LTD,Private Sector Banks,0,0,0,October,2022,Credit Card
26,KARUR VYSYA BANK LTD,Private Sector Banks,10743,35296,252989.9789,October,2022,Credit Card
27,KOTAK MAHINDRA BANK LTD,Private Sector Banks,4519524,8878294,41560795.72,October,2022,Credit Card
28,NAINITAL BANK LTD,Private Sector Banks,0,0,0,October,2022,Credit Card
29,RBL BANK LTD,Private Sector Banks,4166704,10606818,54401435.4,October,2022,Credit Card
30,SOUTH INDIAN BANK,Private Sector Banks,155095,784169,3728367.27,October,2022,Credit Card
31,TAMILNAD MERCANTILE BANK LTD,Private Sector Banks,40906,77376,351159.648,October,2022,Credit Card
32,YES BANK LTD,Private Sector Banks,1327942,2925426,13527408.51,October,2022,Credit Card
33,AMERICAN EXPRESS BANKING CORPORATION,Foreign Banks,1304696,4051153,32244335.93,October,2022,Credit Card
34,BANK OF AMERICA,Foreign Banks,7241,16848,91590.8045,October,2022,Credit Card
35,BARCLAYS BANK PLC,Foreign Banks,0,0,0,October,2022,Credit Card
36,CITI BANK,Foreign Banks,2472875,12651000,46296058.19,October,2022,Credit Card
37,DBS INDIA BANK LTD,Foreign Banks,95287,179424,869492.9428,October,2022,Credit Card
38,DEUTSCHE BANK LTD,Foreign Banks,0,0,0,October,2022,Credit Card
39,HSBC LTD,Foreign Banks,687106,1791617,7198961.774,October,2022,Credit Card
40,SBM BANK INDIA LTD,Foreign Banks,1625793,1622375,7227852.196,October,2022,Credit Card
41,STANDARD CHARTERED BANK LTD,Foreign Banks,1104244,3093899,11787935.16,October,2022,Credit Card
42,BANK OF BARODA,Public Sector Banks,78440427,10484264,22879735.04,October,2022,Debit Card
43,BANK OF INDIA,Public Sector Banks,45831608,6973386,12531762.18,October,2022,Debit Card
44,BANK OF MAHARASHTRA,Public Sector Banks,13155196,3317877,5712007.541,October,2022,Debit Card
45,CANARA BANK,Public Sector Banks,47982447,13313807,28023835.59,October,2022,Debit Card
46,CENTRAL BANK OF INDIA,Public Sector Banks,27369834,3881692,8681142.458,October,2022,Debit Card
47,INDIAN BANK,Public Sector Banks,28816092,8160189,15645320.37,October,2022,Debit Card
48,INDIAN OVERSEAS BANK,Public Sector Banks,15580464,4932734,9389172.384,October,2022,Debit Card
49,PUNJAB AND SIND BANK,Public Sector Banks,3579375,792084,1948897.66,October,2022,Debit Card
50,PUNJAB NATIONAL BANK,Public Sector Banks,45911797,12273127,26446884.97,October,2022,Debit Card
51,STATE BANK OF INDIA,Public Sector Banks,277289229,84997250,179356517,October,2022,Debit Card
52,UCO BANK,Public Sector Banks,11942836,2830527,5815631.57,October,2022,Debit Card
53,UNION BANK OF INDIA,Public Sector Banks,50324328,16209197,28412888.23,October,2022,Debit Card
54,AXIS BANK LTD,Private Sector Banks,27975510,16039618,44162940.29,October,2022,Debit Card
55,BANDHAN BANK LTD,Private Sector Banks,5226993,799476,2093122.326,October,2022,Debit Card
56,CITY UNION BANK LTD.,Private Sector Banks,2660153,1111956,2275016.17,October,2022,Debit Card
57,CSB BANK LTD.,Private Sector Banks,845416,291627,518902.5198,October,2022,Debit Card
58,DCB BANK LTD,Private Sector Banks,940951,201508,567384.103,October,2022,Debit Card
59,DHANALAKSHMI BANK LTD,Private Sector Banks,516483,293021,484800.8359,October,2022,Debit Card
60,FEDERAL BANK LTD,Private Sector Banks,12325632,7100503,13913924.23,October,2022,Debit Card
61,HDFC BANK LTD,Private Sector Banks,48032697,40539327,112501265.7,October,2022,Debit Card
62,ICICI BANK LTD,Private Sector Banks,35709144,21911779,65436423.59,October,2022,Debit Card
63,IDBI BANK LTD,Private Sector Banks,12667091,3306351,7056198.338,October,2022,Debit Card
64,IDFC FIRST BANK LTD,Private Sector Banks,5220963,1717494,5663337.359,October,2022,Debit Card
65,INDUSIND BANK LTD,Private Sector Banks,7708771,2566484,6896365.054,October,2022,Debit Card
66,JAMMU AND KASHMIR BANK LTD,Private Sector Banks,3687362,4532516,4397241.763,October,2022,Debit Card
67,KARNATAKA BANK LTD,Private Sector Banks,5163963,2109794,3372912.867,October,2022,Debit Card
68,KARUR VYSYA BANK LTD,Private Sector Banks,4063647,2386054,5564930.655,October,2022,Debit Card
69,KOTAK MAHINDRA BANK LTD,Private Sector Banks,26089134,8396133,18241686.33,October,2022,Debit Card
70,NAINITAL BANK LTD,Private Sector Banks,192504,50833,98237.0005,October,2022,Debit Card
71,RBL BANK LTD,Private Sector Banks,1484226,452839,1198186.057,October,2022,Debit Card
72,SOUTH INDIAN BANK,Private Sector Banks,3569346,2145874,4211528.272,October,2022,Debit Card
73,TAMILNAD MERCANTILE BANK LTD,Private Sector Banks,2135215,659254,1469308.1,October,2022,Debit Card
74,YES BANK LTD,Private Sector Banks,3979824,1905308,4467997.091,October,2022,Debit Card
75,AMERICAN EXPRESS BANKING CORPORATION,Foreign Banks,0,0,0,October,2022,Debit Card
76,BANK OF AMERICA,Foreign Banks,0,0,0,October,2022,Debit Card
77,BARCLAYS BANK PLC,Foreign Banks,912,15,337.14873,October,2022,Debit Card
78,CITI BANK,Foreign Banks,1317002,1790414,5380432.742,October,2022,Debit Card
79,DBS INDIA BANK LTD,Foreign Banks,1948884,798408,1418032.199,October,2022,Debit Card
80,DEUTSCHE BANK LTD,Foreign Banks,118881,86895,237895.77,October,2022,Debit Card
81,HSBC LTD,Foreign Banks,554698,265514,1069099.938,October,2022,Debit Card
82,SBM BANK INDIA LTD,Foreign Banks,353844,57385,125479.186,October,2022,Debit Card
83,STANDARD CHARTERED BANK LTD,Foreign Banks,1171636,1476165,3891757.925,October,2022,Debit Card
0,BANK OF BARODA,Public Sector Banks,1638457,3789262,15749667.9,November,2022,Credit Card
1,BANK OF INDIA,Public Sector Banks,86053,215554,755365.9806,November,2022,Credit Card
2,BANK OF MAHARASHTRA,Public Sector Banks,77461,82782,355433.3046,November,2022,Credit Card
3,CANARA BANK,Public Sector Banks,593845,969781,2899035.557,November,2022,Credit Card
4,CENTRAL BANK OF INDIA,Public Sector Banks,0,0,0,November,2022,Credit Card
5,INDIAN BANK,Public Sector Banks,161962,194346,719671.997,November,2022,Credit Card
6,INDIAN OVERSEAS BANK,Public Sector Banks,74221,91365,234866.5754,November,2022,Credit Card
7,PUNJAB AND SIND BANK,Public Sector Banks,0,0,0,November,2022,Credit Card
8,PUNJAB NATIONAL BANK,Public Sector Banks,311721,657599,2222726.849,November,2022,Credit Card
9,STATE BANK OF INDIA,Public Sector Banks,15555633,42071194,210013624.4,November,2022,Credit Card
10,UCO BANK,Public Sector Banks,0,0,0,November,2022,Credit Card
11,UNION BANK OF INDIA,Public Sector Banks,554993,758839,2650647.052,November,2022,Credit Card
12,AXIS BANK LTD,Private Sector Banks,9294011,29185888,104305709.4,November,2022,Credit Card
13,BANDHAN BANK LTD,Private Sector Banks,0,0,0,November,2022,Credit Card
14,CITY UNION BANK LTD.,Private Sector Banks,1942,2129,5230.7663,November,2022,Credit Card
15,CSB BANK LTD.,Private Sector Banks,0,0,0,November,2022,Credit Card
16,DCB BANK LTD,Private Sector Banks,0,0,0,November,2022,Credit Card
17,DHANALAKSHMI BANK LTD,Private Sector Banks,8434,25864,58788.62799,November,2022,Credit Card
18,FEDERAL BANK LTD,Private Sector Banks,407760,1688661,7432331.854,November,2022,Credit Card
19,HDFC BANK LTD,Private Sector Banks,16782602,58113196,326498170.3,November,2022,Credit Card
20,ICICI BANK LTD,Private Sector Banks,13431626,43450526,183354657.6,November,2022,Credit Card
21,IDBI BANK LTD,Private Sector Banks,43829,113251,363301.917,November,2022,Credit Card
22,IDFC FIRST BANK LTD,Private Sector Banks,1292155,3236919,15583295.45,November,2022,Credit Card
23,INDUSIND BANK LTD,Private Sector Banks,2018773,5562159,65039206.05,November,2022,Credit Card
24,JAMMU AND KASHMIR BANK LTD,Private Sector Banks,83903,270429,1399561.087,November,2022,Credit Card
25,KARNATAKA BANK LTD,Private Sector Banks,0,0,0,November,2022,Credit Card
26,KARUR VYSYA BANK LTD,Private Sector Banks,10565,33604,248687.3553,November,2022,Credit Card
27,KOTAK MAHINDRA BANK LTD,Private Sector Banks,4597686,8430231,37502781.25,November,2022,Credit Card
28,NAINITAL BANK LTD,Private Sector Banks,0,0,0,November,2022,Credit Card
29,RBL BANK LTD,Private Sector Banks,4230404,9787990,49941062.14,November,2022,Credit Card
30,SOUTH INDIAN BANK,Private Sector Banks,169154,785489,3818322.663,November,2022,Credit Card
31,TAMILNAD MERCANTILE BANK LTD,Private Sector Banks,40992,78596,350193.2542,November,2022,Credit Card
32,YES BANK LTD,Private Sector Banks,1361789,2753693,12888541.43,November,2022,Credit Card
33,AMERICAN EXPRESS BANKING CORPORATION,Foreign Banks,1313008,4015481,32403930.82,November,2022,Credit Card
34,BANK OF AMERICA,Foreign Banks,5159,6792,42442.47981,November,2022,Credit Card
35,BARCLAYS BANK PLC,Foreign Banks,0,0,0,November,2022,Credit Card
36,CITI BANK,Foreign Banks,2482096,11131011,39534696.74,November,2022,Credit Card
37,DBS INDIA BANK LTD,Foreign Banks,118719,215052,1046647.952,November,2022,Credit Card
38,DEUTSCHE BANK LTD,Foreign Banks,0,0,0,November,2022,Credit Card
39,HSBC LTD,Foreign Banks,692840,1623519,6478995.214,November,2022,Credit Card
40,SBM BANK INDIA LTD,Foreign Banks,1703964,1689571,8014805.41,November,2022,Credit Card
41,STANDARD CHARTERED BANK LTD,Foreign Banks,1102760,2717005,10085057.78,November,2022,Credit Card
42,WOORI BANK,Foreign Banks,0,0,0,November,2022,Credit Card
43,BANK OF BARODA,Public Sector Banks,28928653,9281870,18722810.97,November,2022,Debit Card
44,BANK OF INDIA,Public Sector Banks,15742911,6185045,10346100.99,November,2022,Debit Card
45,BANK OF MAHARASHTRA,Public Sector Banks,3591183,2811249,4320988.101,November,2022,Debit Card
46,CANARA BANK,Public Sector Banks,40767384,11593116,23207065.33,November,2022,Debit Card
47,CENTRAL BANK OF INDIA,Public Sector Banks,278356488,3501019,7454984.154,November,2022,Debit Card
48,INDIAN BANK,Public Sector Banks,12069193,7038650,12712472.44,November,2022,Debit Card
49,INDIAN OVERSEAS BANK,Public Sector Banks,50684814,4209909,7506121.236,November,2022,Debit Card
50,PUNJAB AND SIND BANK,Public Sector Banks,28716921,785124,1930108.391,November,2022,Debit Card
51,PUNJAB NATIONAL BANK,Public Sector Banks,5288593,10987194,22582213.23,November,2022,Debit Card
52,STATE BANK OF INDIA,Public Sector Banks,2673773,74586375,146760634.7,November,2022,Debit Card
53,UCO BANK,Public Sector Banks,854222,2550077,4916537.934,November,2022,Debit Card
54,UNION BANK OF INDIA,Public Sector Banks,941387,14578354,24749754.76,November,2022,Debit Card
55,AXIS BANK LTD,Private Sector Banks,525552,13744648,35571499.27,November,2022,Debit Card
56,BANDHAN BANK LTD,Private Sector Banks,12575237,716196,1791980.839,November,2022,Debit Card
57,CITY UNION BANK LTD.,Private Sector Banks,48725677,905560,1758162.024,November,2022,Debit Card
58,CSB BANK LTD.,Private Sector Banks,35813731,265204,461162.9767,November,2022,Debit Card
59,DCB BANK LTD,Private Sector Banks,12394541,177437,478018.195,November,2022,Debit Card
60,DHANALAKSHMI BANK LTD,Private Sector Banks,5511906,265343,428864.4002,November,2022,Debit Card
61,FEDERAL BANK LTD,Private Sector Banks,7893221,6598012,12856307.08,November,2022,Debit Card
62,HDFC BANK LTD,Private Sector Banks,3728497,35324534,93440339.1,November,2022,Debit Card
63,ICICI BANK LTD,Private Sector Banks,5165032,19549992,55232092.95,November,2022,Debit Card
64,IDBI BANK LTD,Private Sector Banks,4113474,2805389,5610034.252,November,2022,Debit Card
65,IDFC FIRST BANK LTD,Private Sector Banks,26514365,1583831,4491877.514,November,2022,Debit Card
66,INDUSIND BANK LTD,Private Sector Banks,195401,2273020,5858526.992,November,2022,Debit Card
67,JAMMU AND KASHMIR BANK LTD,Private Sector Banks,1512891,4528733,3929012.667,November,2022,Debit Card
68,KARNATAKA BANK LTD,Private Sector Banks,3600077,1930326,2904511.447,November,2022,Debit Card
69,KARUR VYSYA BANK LTD,Private Sector Banks,2150529,1965982,4497320.023,November,2022,Debit Card
70,KOTAK MAHINDRA BANK LTD,Private Sector Banks,4075864,7100397,14524163.16,November,2022,Debit Card
71,NAINITAL BANK LTD,Private Sector Banks,0,46090,87451.28689,November,2022,Debit Card
72,RBL BANK LTD,Private Sector Banks,0,398050,1037968.949,November,2022,Debit Card
73,SOUTH INDIAN BANK,Private Sector Banks,903,1960759,3814107.437,November,2022,Debit Card
74,TAMILNAD MERCANTILE BANK LTD,Private Sector Banks,1311767,528899,1088307.198,November,2022,Debit Card
75,YES BANK LTD,Private Sector Banks,1945944,1652478,3769474.06,November,2022,Debit Card
76,AMERICAN EXPRESS BANKING CORPORATION,Foreign Banks,117513,0,0,November,2022,Debit Card
77,BANK OF AMERICA,Foreign Banks,562551,0,0,November,2022,Debit Card
78,BARCLAYS BANK PLC,Foreign Banks,404244,34,355.2292,November,2022,Debit Card
79,CITI BANK,Foreign Banks,1169240,1510260,4351751.557,November,2022,Debit Card
80,DBS INDIA BANK LTD,Foreign Banks,1091,671482,1139693.225,November,2022,Debit Card
81,DEUTSCHE BANK LTD,Foreign Banks,,73091,196608.3551,November,2022,Debit Card
82,HSBC LTD,Foreign Banks,,254928,921959.8985,November,2022,Debit Card
83,SBM BANK INDIA LTD,Foreign Banks,,62322,152585.006,November,2022,Debit Card
84,STANDARD CHARTERED BANK LTD,Foreign Banks,,1239774,3241836.116,November,2022,Debit Card
85,WOORI BANK,Foreign Banks,,6683,20231.8843,November,2022,Debit Card
0,BANK OF BARODA,Public Sector Banks,1752184,4202560,16673815.49,December,2022,Credit card
1,BANK OF INDIA,Public Sector Banks,84378,226898,801110.4898,December,2022,Credit card
2,BANK OF MAHARASHTRA,Public Sector Banks,42447,83013,358923.713,December,2022,Credit card
3,CANARA BANK,Public Sector Banks,603490,1083150,3235899.416,December,2022,Credit card
4,CENTRAL BANK OF INDIA,Public Sector Banks,0,0,0,December,2022,Credit card
5,INDIAN BANK,Public Sector Banks,156120,206629,735037.755,December,2022,Credit card
6,INDIAN OVERSEAS BANK,Public Sector Banks,75520,99655,255682.7176,December,2022,Credit card
7,PUNJAB AND SIND BANK,Public Sector Banks,0,0,0,December,2022,Credit card
8,PUNJAB NATIONAL BANK,Public Sector Banks,317715,683192,2287414.358,December,2022,Credit card
9,STATE BANK OF INDIA,Public Sector Banks,15883906,46163151,237485627.6,December,2022,Credit card
10,UCO BANK,Public Sector Banks,0,0,0,December,2022,Credit card
11,UNION BANK OF INDIA,Public Sector Banks,575846,767802,2799718.452,December,2022,Credit card
12,AXIS BANK LTD,Private Sector Banks,9443017,31726634,113517747.3,December,2022,Credit card
13,BANDHAN BANK LTD,Private Sector Banks,0,0,0,December,2022,Credit card
14,CITY UNION BANK LTD.,Private Sector Banks,2588,3216,7766.6185,December,2022,Credit card
15,CSB BANK LTD.,Private Sector Banks,158,218,253.22427,December,2022,Credit card
16,DCB BANK LTD,Private Sector Banks,0,0,0,December,2022,Credit card
17,DHANALAKSHMI BANK LTD,Private Sector Banks,8635,27403,62954.18559,December,2022,Credit card
18,FEDERAL BANK LTD,Private Sector Banks,452399,2087027,8936494.714,December,2022,Credit card
19,HDFC BANK LTD,Private Sector Banks,17012255,62741390,356949339.6,December,2022,Credit card
20,ICICI BANK LTD,Private Sector Banks,13527648,47705484,206920241.1,December,2022,Credit card
21,IDBI BANK LTD,Private Sector Banks,44038,117598,381838.183,December,2022,Credit card
22,IDFC FIRST BANK LTD,Private Sector Banks,1365384,3656748,17705846.35,December,2022,Credit card
23,INDUSIND BANK LTD,Private Sector Banks,2068093,5851293,68821032.68,December,2022,Credit card
24,JAMMU AND KASHMIR BANK LTD,Private Sector Banks,86146,285242,1459734.797,December,2022,Credit card
25,KARNATAKA BANK LTD,Private Sector Banks,0,0,0,December,2022,Credit card
26,KARUR VYSYA BANK LTD,Private Sector Banks,9665,39196,285009.484,December,2022,Credit card
27,KOTAK MAHINDRA BANK LTD,Private Sector Banks,4736952,9281272,41488255.87,December,2022,Credit card
28,NAINITAL BANK LTD,Private Sector Banks,0,0,0,December,2022,Credit card
29,RBL BANK LTD,Private Sector Banks,4237024,10338293,54087653.12,December,2022,Credit card
30,SOUTH INDIAN BANK,Private Sector Banks,186575,940963,4516214.953,December,2022,Credit card
31,TAMILNAD MERCANTILE BANK LTD,Private Sector Banks,40997,70356,329619.9549,December,2022,Credit card
32,YES BANK LTD,Private Sector Banks,1399164,3033945,14454375.98,December,2022,Credit card
33,AMERICAN EXPRESS BANKING CORPORATION,Foreign Banks,1317153,4324138,34196278.6,December,2022,Credit card
34,BANK OF AMERICA,Foreign Banks,0,2211,12619.33362,December,2022,Credit card
35,BARCLAYS BANK PLC,Foreign Banks,0,0,0,December,2022,Credit card
36,CITI BANK,Foreign Banks,2487796,11979137,42918532.57,December,2022,Credit card
37,DBS INDIA BANK LTD,Foreign Banks,146293,289432,1603787.604,December,2022,Credit card
38,DEUTSCHE BANK LTD,Foreign Banks,0,0,0,December,2022,Credit card
39,HSBC LTD,Foreign Banks,695122,1875752,7281904.817,December,2022,Credit card
40,SBM BANK INDIA LTD,Foreign Banks,968018,1551479,5880837.155,December,2022,Credit card
41,STANDARD CHARTERED BANK LTD,Foreign Banks,1073904,2984844,11399955.73,December,2022,Credit card
42,WOORI BANK,Foreign Banks,0,0,0,December,2022,Credit card
43,BANK OF BARODA,Public Sector Banks,80262159,10109865,20532816.31,December,2022,Debit Card
44,BANK OF INDIA,Public Sector Banks,46576513,6217366,10465676.17,December,2022,Debit Card
45,BANK OF MAHARASHTRA,Public Sector Banks,13196639,2606530,4046842.821,December,2022,Debit Card
46,CANARA BANK,Public Sector Banks,49420963,11505733,24217056.78,December,2022,Debit Card
47,CENTRAL BANK OF INDIA,Public Sector Banks,27742934,3466794,7568134.67,December,2022,Debit Card
48,INDIAN BANK,Public Sector Banks,29316010,7265300,13458992.61,December,2022,Debit Card
49,INDIAN OVERSEAS BANK,Public Sector Banks,15959037,4507980,8203664.961,December,2022,Debit Card
50,PUNJAB AND SIND BANK,Public Sector Banks,3606404,804842,1915079.392,December,2022,Debit Card
51,PUNJAB NATIONAL BANK,Public Sector Banks,41052957,10423230,22002650.71,December,2022,Debit Card
52,STATE BANK OF INDIA,Public Sector Banks,272999290,75147649,150904025.7,December,2022,Debit Card
53,UCO BANK,Public Sector Banks,12163701,2523571,4938899.512,December,2022,Debit Card
54,UNION BANK OF INDIA,Public Sector Banks,45693679,14659458,25559237.4,December,2022,Debit Card
55,AXIS BANK LTD,Private Sector Banks,28759959,14225870,37723164.43,December,2022,Debit Card
56,BANDHAN BANK LTD,Private Sector Banks,5267927,714130,1837281.15,December,2022,Debit Card
57,CITY UNION BANK LTD.,Private Sector Banks,2699516,949563,1896098.441,December,2022,Debit Card
58,CSB BANK LTD.,Private Sector Banks,864160,297667,544940.3048,December,2022,Debit Card
59,DCB BANK LTD,Private Sector Banks,947232,183472,528216.898,December,2022,Debit Card
60,DHANALAKSHMI BANK LTD,Private Sector Banks,531589,283716,473694.3536,December,2022,Debit Card
61,FEDERAL BANK LTD,Private Sector Banks,12017050,6681557,12974785.44,December,2022,Debit Card
62,HDFC BANK LTD,Private Sector Banks,49483219,37812153,102796867.6,December,2022,Debit Card
63,ICICI BANK LTD,Private Sector Banks,32505167,20269966,60456046.07,December,2022,Debit Card
64,IDBI BANK LTD,Private Sector Banks,12816401,2849746,5801920.037,December,2022,Debit Card
65,IDFC FIRST BANK LTD,Private Sector Banks,5751063,1554798,4016809.221,December,2022,Debit Card
66,INDUSIND BANK LTD,Private Sector Banks,7938791,2344242,6307329.482,December,2022,Debit Card
67,JAMMU AND KASHMIR BANK LTD,Private Sector Banks,3740540,4236046,4212215.952,December,2022,Debit Card
68,KARNATAKA BANK LTD,Private Sector Banks,5137671,1901922,2982075.02,December,2022,Debit Card
69,KARUR VYSYA BANK LTD,Private Sector Banks,4164315,2065516,4768321.375,December,2022,Debit Card
70,KOTAK MAHINDRA BANK LTD,Private Sector Banks,27097025,7421904,15510299.83,December,2022,Debit Card
71,NAINITAL BANK LTD,Private Sector Banks,198232,45764,86820.35233,December,2022,Debit Card
72,RBL BANK LTD,Private Sector Banks,1537173,418315,1108145.277,December,2022,Debit Card
73,SOUTH INDIAN BANK,Private Sector Banks,3545940,2152896,4377091.833,December,2022,Debit Card
74,TAMILNAD MERCANTILE BANK LTD,Private Sector Banks,2161226,581832,1245008.375,December,2022,Debit Card
75,YES BANK LTD,Private Sector Banks,4160833,1678545,3913264.817,December,2022,Debit Card
76,AMERICAN EXPRESS BANKING CORPORATION,Foreign Banks,0,0,0,December,2022,Debit Card
77,BANK OF AMERICA,Foreign Banks,0,0,0,December,2022,Debit Card
78,BARCLAYS BANK PLC,Foreign Banks,893,36,494.4535,December,2022,Debit Card
79,CITI BANK,Foreign Banks,1282384,1682725,5205657.843,December,2022,Debit Card
80,DBS INDIA BANK LTD,Foreign Banks,1793087,634790,1121868.067,December,2022,Debit Card
81,DEUTSCHE BANK LTD,Foreign Banks,116949,82541,230501.4153,December,2022,Debit Card
82,HSBC LTD,Foreign Banks,562758,361025,1110492.423,December,2022,Debit Card
83,SBM BANK INDIA LTD,Foreign Banks,470671,77913,184592.37,December,2022,Debit Card
84,STANDARD CHARTERED BANK LTD,Foreign Banks,1154130,1215038,2992456.006,December,2022,Debit Card
85,WOORI BANK,Foreign Banks,1121,6732,21084.63356,December,2022,Debit Card
